0.080395,0.113737,2.623540,0.822876
-0.191873,0.126235,-0.840782,0.915214
0.036465,0.127191,0.099807,0.925844
-0.021115,0.129874,2.772059,0.949325
0.099861,0.138954,0.566377,1.039750
-0.170942,0.114473,1.376634,0.845103
0.090603,0.134711,2.047239,1.011408
-0.034541,0.119913,1.685720,0.851834
-0.101140,0.106127,1.806237,0.774299
-0.275076,0.115722,-1.171804,0.857009
0.082791,0.132893,2.273821,0.990798
0.070363,0.109518,1.833200,0.844348
-0.103623,0.119586,1.808929,0.871306
-0.025542,0.115544,2.550659,0.850890
0.161127,0.123026,0.587539,0.916727
0.233133,0.124879,0.916028,0.911034
-0.047752,0.129223,0.401987,0.961645
0.000691,0.135590,2.806876,0.964146
0.054586,0.127123,0.710482,0.924336
0.033377,0.127664,0.384747,0.930317
0.085051,0.142125,0.915308,1.055205
-0.184485,0.122278,0.590743,0.903104
0.047332,0.132220,-0.284762,0.988488
0.144064,0.125342,-0.332690,0.946847
0.180181,0.124872,0.078847,0.897712
-0.015571,0.131309,1.108504,0.973844
-0.243151,0.124164,1.214132,0.937150
0.044714,0.123958,-0.026046,0.879147
0.146435,0.124666,1.544406,0.903677
0.302165,0.139876,2.598173,1.036168
0.176830,0.107758,0.437436,0.774602
0.074233,0.121726,1.663364,0.880636
0.009186,0.130725,0.305023,0.928759
0.284397,0.116279,1.187407,0.810690
-0.011349,0.127837,2.600679,0.906928
-0.050175,0.127034,1.778279,0.914918
-0.144306,0.110320,-0.591179,0.806070
-0.208032,0.118257,-0.353651,0.886532
0.172423,0.134997,2.459226,0.971638
-0.060455,0.129041,1.231580,0.894890
-0.081412,0.124811,1.333657,0.887655
-0.300078,0.131755,1.263418,0.965836
-0.184339,0.120771,1.415079,0.883531
0.016841,0.132555,2.394812,0.995369
-0.015903,0.137966,2.763697,1.027166
0.028055,0.131732,0.536654,0.974496
0.043171,0.125737,0.391046,0.909688
0.024867,0.118117,3.469573,0.848585
-0.008743,0.126353,2.051405,0.940143
0.170848,0.131136,2.183384,0.958941
0.102575,0.123782,1.266417,0.919597
-0.076965,0.126587,1.772606,0.919611
0.063146,0.132352,0.785811,0.979521
0.154362,0.124765,0.047454,0.889190
0.017016,0.118015,1.687773,0.839129
-0.010418,0.137796,2.887661,0.989286
0.279024,0.121874,1.712182,0.844178
0.072365,0.123798,2.592622,0.913973
-0.011083,0.130218,4.721054,0.945277
-0.064962,0.144699,0.373745,1.041212
0.070159,0.122009,2.856164,0.907196
0.082539,0.120530,0.181400,0.852256
-0.235270,0.124618,0.691714,0.921270
-0.272113,0.133418,1.800220,0.996836
0.060550,0.129268,1.182550,0.990976
-0.117671,0.114673,2.224169,0.848894
0.229137,0.121609,3.007993,0.887460
-0.171332,0.144634,4.238913,1.069461
-0.159718,0.138430,2.449890,1.030437
0.209076,0.129260,1.469693,0.927841
-0.172971,0.121384,1.565788,0.908422
-0.135382,0.119528,-1.099328,0.862083
-0.080870,0.126056,2.186189,0.926827
0.037438,0.135597,1.208779,1.005270
0.020789,0.130494,1.836137,0.930023
0.097276,0.125031,3.804888,0.894594
0.049614,0.103382,1.602834,0.771005
-0.000178,0.129852,0.233002,0.952376
-0.048131,0.117714,0.956547,0.862864
0.095256,0.112152,0.888740,0.828194
0.100941,0.110423,2.385550,0.804403
0.072672,0.129210,1.127046,0.916011
-0.032963,0.136474,2.173961,0.971683
0.028732,0.116887,1.326652,0.863222
-0.223560,0.111710,0.963593,0.819055
-0.019805,0.141299,-0.177315,1.047763
-0.004135,0.126053,2.977198,0.897277
-0.047466,0.123815,0.862877,0.917666
0.089462,0.106845,0.827671,0.784280
-0.322713,0.132277,1.228095,0.982143
-0.141917,0.120078,-0.048628,0.867484
-0.175724,0.135928,2.024200,0.940035
0.051964,0.132003,0.398436,0.964398
0.168307,0.124937,2.446242,0.903507
-0.059601,0.113067,2.877814,0.831186
0.068674,0.144784,3.032184,1.057180
0.011662,0.128467,1.816561,0.920936
-0.095438,0.134339,1.132984,0.959355
-0.073445,0.122528,-0.109711,0.933562
0.010828,0.122136,-0.482892,0.915115
-0.146538,0.138022,1.529381,0.987787
-0.149964,0.138670,1.200447,1.021409
0.178799,0.128970,1.111626,0.930821
-0.096114,0.128011,1.751009,0.933226
0.151769,0.125185,3.127001,0.934373
0.028335,0.121562,1.993380,0.863441
0.037592,0.135490,4.620524,0.993041
0.035386,0.131987,3.126201,0.941199
-0.075722,0.118512,2.068387,0.897915
-0.008509,0.125108,0.683573,0.898292
0.172104,0.135712,-0.526588,0.960991
0.336358,0.123020,1.834912,0.895769
0.033050,0.136735,0.002726,1.022602
-0.001685,0.111945,2.253474,0.816810
-0.035692,0.120239,0.492802,0.853022
0.115052,0.125001,1.399088,0.909858
0.027184,0.119833,0.390439,0.882101
-0.012071,0.129984,0.356017,0.958880
-0.073989,0.115589,1.739442,0.873109
0.195837,0.113638,3.641709,0.860903
0.086082,0.132303,2.823780,0.943952
0.031186,0.123242,-0.592112,0.916169
0.121746,0.116382,1.123410,0.860357
0.097455,0.141189,-1.235652,1.042039
0.088430,0.108924,-0.099775,0.775631
0.051160,0.116345,1.845591,0.826754
0.096632,0.121425,2.342524,0.894447
-0.060904,0.123461,0.358482,0.921020
0.147026,0.113206,3.105126,0.865423
0.121328,0.124561,-0.093135,0.951024
-0.153314,0.128701,1.009266,0.939623
0.064265,0.128025,-1.128198,0.940005
0.107560,0.127209,-0.718670,0.899547
-0.146747,0.130370,1.098278,0.979192
-0.014047,0.118781,2.595289,0.885330
0.039162,0.131332,0.276098,0.956877
-0.080424,0.131779,0.865048,0.925852
-0.116008,0.132819,0.589938,0.971743
0.263268,0.125725,3.758493,0.916924
-0.042529,0.126334,-1.885930,0.922814
0.071616,0.122123,2.289958,0.875027
0.189144,0.137167,-0.181749,1.047241
0.045894,0.128337,0.861001,0.937227
0.309676,0.109847,0.133658,0.805557
-0.088561,0.119836,1.116621,0.852968
-0.117449,0.119461,3.802999,0.866535
0.157492,0.117630,0.747176,0.862559
0.012824,0.111099,3.106580,0.793772
0.069399,0.135238,-0.556633,0.973658
0.050909,0.122374,3.687628,0.908487
-0.224459,0.130029,1.721533,0.961851
0.063053,0.110548,1.613950,0.788135
0.266236,0.132030,3.019977,0.959964
-0.125582,0.124704,0.792676,0.901532
0.065610,0.126041,1.639719,0.945610
-0.086614,0.107332,0.390464,0.778754
0.201233,0.127693,0.323184,0.888877
0.036707,0.147687,2.247610,1.070764
-0.052076,0.118371,1.878048,0.875462
0.091921,0.145587,1.291745,1.054973
0.205870,0.131338,3.741523,0.941604
0.133260,0.119565,1.714124,0.855245
-0.081543,0.121995,2.188083,0.893874
0.003201,0.129563,1.041297,0.954718
0.350931,0.130652,0.928901,0.902119
0.065374,0.124549,0.401086,0.923274
-0.148321,0.126174,1.364722,0.898051
0.061431,0.117563,-0.040533,0.855497
0.147793,0.129932,1.187602,0.947296
0.140787,0.114079,-0.373852,0.842697
-0.133564,0.112870,1.933683,0.818200
-0.156076,0.140394,3.287783,1.002939
0.166799,0.139750,-0.016895,0.969034
0.239161,0.123039,0.107275,0.927607
0.051281,0.124421,2.132693,0.917408
0.101738,0.141649,0.251975,1.015508
-0.018568,0.129467,1.462617,0.948878
0.086193,0.119325,2.657101,0.845048
-0.052956,0.129616,3.262428,0.933932
0.086981,0.130405,2.012563,0.913524
0.117439,0.128457,1.525433,0.935601
-0.010987,0.136229,1.889635,1.003800
0.287664,0.141216,0.772245,1.019799
-0.010921,0.126262,3.740165,0.896823
-0.153820,0.143316,0.580252,1.045495
0.090043,0.131739,-0.552877,0.973399
0.097558,0.126408,1.101745,0.902419
0.027117,0.136196,0.821014,1.018595
-0.075926,0.132341,0.100396,0.948535
-0.139135,0.139166,4.554645,0.978875
0.021622,0.137473,0.115729,1.013524
0.060994,0.120492,1.820550,0.903931
-0.027928,0.127682,2.350217,0.918299
0.073950,0.133591,1.256508,0.991064
-0.194762,0.133686,2.826202,0.991108
0.177357,0.126308,2.370282,0.919196
0.007714,0.124477,0.807186,0.911218
0.131880,0.130175,1.217661,0.948664
0.202270,0.132990,0.276335,0.959618
0.192978,0.129870,-0.664735,0.957568
0.144128,0.114905,1.267491,0.843541
-0.147945,0.126511,-0.333689,0.927320
0.245071,0.131129,1.028025,0.964077
0.074732,0.135687,3.079959,0.991482
-0.066795,0.131518,1.252374,0.971170
-0.183309,0.113153,-0.185496,0.828676
0.163046,0.134470,0.744081,0.967433
0.055469,0.124422,2.501878,0.887841
-0.022712,0.120361,-1.419833,0.880078
-0.039445,0.123249,-0.095034,0.861684
0.096822,0.121384,1.713776,0.881864
0.004623,0.118953,2.646702,0.838267
0.020282,0.109868,2.315177,0.777858
0.086618,0.125457,2.964359,0.890317
0.049453,0.127103,2.007343,0.909398
0.325040,0.133102,-0.458803,0.947870
-0.037744,0.122919,2.482864,0.894190
0.221683,0.129274,1.618534,0.955284
-0.017625,0.118645,2.925202,0.820469
0.149179,0.118009,-0.931643,0.853399
0.217074,0.124711,3.199650,0.916190
0.099669,0.116098,-0.183016,0.843873
-0.121268,0.121567,2.396147,0.905999
0.017120,0.130194,0.775761,0.932376
-0.003505,0.115663,0.099079,0.849011
0.184519,0.125611,1.118180,0.943637
0.155104,0.115259,-0.019276,0.822064
-0.079294,0.129639,-0.553481,0.959872
-0.019841,0.121725,1.561092,0.920061
0.059587,0.117608,1.802806,0.859405
0.100460,0.111676,2.836853,0.813860
0.063240,0.108436,0.387309,0.815280
0.002625,0.135262,1.892906,1.000675
0.023310,0.134941,0.839584,0.964688
0.303206,0.128099,-0.647546,0.920050
0.127124,0.127391,0.164817,0.936482
0.151256,0.139885,0.552897,1.015125
0.102153,0.118432,1.033301,0.838341
0.164482,0.122018,2.674123,0.886783
0.035502,0.133755,-0.273079,0.953649
-0.169214,0.122459,1.913472,0.916163
0.053834,0.123511,0.577359,0.923616
0.100845,0.110819,0.578814,0.797924
-0.016153,0.116508,1.322511,0.831779
0.255466,0.113874,1.578164,0.852115
0.088982,0.123129,2.661608,0.881773
0.026948,0.120263,2.386220,0.924461
-0.126509,0.119238,2.802694,0.883748
0.102833,0.110117,0.216598,0.786792
-0.128178,0.130671,0.862795,0.955832
-0.117920,0.121257,0.283995,0.877044
-0.187791,0.125088,1.469759,0.921240
-0.088713,0.126507,-0.216321,0.911328
0.051190,0.122835,1.259239,0.933685
0.031438,0.136553,0.201309,1.002043
0.093353,0.117263,2.224159,0.829114
0.173237,0.118066,1.260427,0.868072
-0.010817,0.127129,-0.388380,0.941864
-0.095961,0.127814,-1.980569,0.961407
0.028500,0.129300,0.539223,0.960711
0.002519,0.124060,2.139447,0.878819
0.241990,0.131318,2.085892,0.957759
-0.079440,0.120792,2.805174,0.877939
-0.028118,0.129911,2.246922,0.962439
-0.017290,0.116443,-0.158390,0.854621
0.164801,0.139101,0.291744,0.978116
-0.106226,0.130549,0.224695,0.958665
-0.156103,0.125798,-0.007074,0.900249
-0.085599,0.130236,1.725717,0.950517
0.058227,0.123245,2.630091,0.905045
0.033408,0.130533,-0.164418,0.928695
0.049912,0.126904,2.772615,0.906197
0.152676,0.117858,0.482308,0.852102
0.118429,0.128601,3.299473,0.933415
0.004416,0.142341,1.483853,1.006615
-0.185352,0.124788,0.985900,0.962086
-0.086659,0.117052,1.341353,0.859920
0.174004,0.135671,2.796454,0.996895
0.101854,0.111704,-0.230020,0.832896
0.058729,0.130553,2.525219,0.958142
-0.027148,0.140808,-0.343274,1.035453
-0.021768,0.132620,1.158467,1.001490
0.233201,0.111579,0.585826,0.776738
-0.019532,0.119492,2.563346,0.875580
0.149196,0.130198,1.588157,0.935443
0.005740,0.124732,-0.431834,0.895283
-0.009154,0.123326,1.521133,0.894916
0.016068,0.123833,0.333467,0.919794
0.131559,0.121328,0.909942,0.909809
0.035505,0.134281,1.319837,1.000137
-0.074578,0.132020,2.404455,0.992318
-0.079940,0.128403,0.070991,0.948529
0.064367,0.127758,-1.117961,0.963045
-0.085846,0.125045,2.036266,0.883414
0.216310,0.121775,-0.325380,0.856892
0.149763,0.123619,1.190598,0.857898
-0.010856,0.131593,3.863819,0.943493
0.240468,0.115760,-1.033455,0.848894
-0.152019,0.122578,1.924828,0.921862
0.019575,0.129094,2.180296,0.885907
-0.053669,0.120657,2.418097,0.891428
-0.132476,0.114830,1.373819,0.856136
0.133845,0.131598,1.089039,0.958611
-0.025553,0.140171,0.091880,1.061720
-0.072932,0.133746,2.697310,0.968532
0.194948,0.123852,0.823394,0.897097
0.250234,0.129057,1.381111,0.927294
0.006966,0.122066,2.826920,0.877440
-0.297607,0.141480,2.513631,1.015055
-0.000629,0.116413,1.304584,0.858986
-0.089564,0.121476,3.332417,0.866750
0.200179,0.125445,-0.020158,0.902535
0.140754,0.134878,2.823935,0.942386
0.073149,0.130550,2.578798,0.942796
0.097174,0.122608,5.291320,0.868595
0.041270,0.126709,0.822719,0.932456
-0.126059,0.126384,2.045882,0.915937
0.194620,0.115209,0.140199,0.828532
0.125093,0.116608,0.318042,0.832559
0.248986,0.138075,0.848639,1.023297
-0.020492,0.119512,1.754331,0.861851
0.137134,0.121166,0.493408,0.864387
0.211162,0.127778,0.979455,0.914866
0.182871,0.128932,0.080862,0.934926
0.021668,0.116492,1.641631,0.849873
0.002391,0.118303,0.602750,0.879736
0.063060,0.112595,0.717488,0.820901
-0.088169,0.114323,-0.559318,0.860074
-0.030286,0.140833,1.525381,1.028871
0.142219,0.122791,3.970879,0.899292
-0.077919,0.140838,0.495929,1.015932
-0.089262,0.131637,1.343066,0.967494
-0.038748,0.119692,0.690478,0.904725
0.059586,0.125335,2.791297,0.901766
-0.166981,0.128579,-0.142503,0.937634
0.189647,0.129077,2.494051,0.930176
0.075308,0.119731,3.221480,0.874257
-0.068795,0.134478,0.945962,1.024168
0.069099,0.145776,1.646303,1.061769
-0.020195,0.120030,2.558129,0.874700
-0.091535,0.122247,3.452276,0.891683
0.358658,0.121382,-0.192141,0.870396
0.056348,0.125170,2.284951,0.919851
-0.044081,0.122512,-1.879599,0.886336
0.114160,0.141176,4.563871,1.004614
0.068997,0.114770,2.183376,0.850859
0.038282,0.131174,0.939717,0.934740
0.343163,0.125871,2.133618,0.871318
0.082737,0.125437,2.697729,0.904436
0.095571,0.121626,-0.247167,0.867499
0.187935,0.118610,-1.136552,0.842637
0.056462,0.124824,1.190621,0.930693
-0.001339,0.123890,0.063378,0.876389
-0.030371,0.125038,2.936521,0.907187
0.131890,0.131054,1.615970,0.944107
-0.217902,0.126365,4.084648,0.956302
0.063752,0.123826,-0.483662,0.917669
-0.128305,0.118759,2.766794,0.834004
-0.225570,0.126581,0.874528,0.928202
0.109675,0.131345,2.331594,0.944746
0.074678,0.115512,1.245211,0.856340
-0.087948,0.131238,-0.691730,0.970039
-0.161693,0.123233,3.249951,0.881256
0.116389,0.115275,0.258567,0.863780
-0.212349,0.127690,0.936272,0.916013
0.197167,0.127324,2.730002,0.938853
0.122222,0.115365,3.026760,0.857956
0.096184,0.117639,0.158458,0.849974
0.164468,0.134557,0.327713,0.990659
0.114561,0.140012,1.882192,0.993311
0.051511,0.114891,1.780279,0.893491
0.187269,0.129177,3.256874,0.963426
0.176850,0.129017,0.186198,0.969144
-0.064418,0.123881,-0.018086,0.910274
-0.295268,0.128625,3.106641,0.915346
-0.058963,0.134113,3.108848,0.993042
-0.102772,0.132133,0.472284,0.981436
0.029410,0.125084,3.588117,0.892618
-0.082331,0.114594,1.365239,0.837685
0.071282,0.131258,1.897634,0.942895
-0.045080,0.129210,2.394401,0.955319
-0.364777,0.124697,1.427890,0.897633
0.069191,0.127048,1.552628,0.935501
-0.053328,0.127595,2.149116,0.921371
-0.022711,0.116632,3.611152,0.850660
0.066173,0.126861,3.722823,0.883305
0.120898,0.126513,2.133034,0.907560
0.115613,0.112392,-1.590358,0.832948
0.030830,0.136051,2.752995,1.020799
0.121800,0.127601,0.944288,0.945008
0.352481,0.134360,2.206046,1.003799
0.169976,0.126057,1.824693,0.899758
-0.179692,0.122399,0.973411,0.919612
0.087663,0.117770,-1.728907,0.862453
0.040237,0.120252,2.263587,0.860415
0.136566,0.127453,-0.336677,0.933136
0.128966,0.134682,2.438640,1.012015
0.154926,0.135551,1.918651,0.984739
0.185276,0.118892,2.130227,0.870343
-0.138705,0.121285,2.608539,0.875547
0.074225,0.112063,0.790334,0.806161
0.107186,0.125642,0.393640,0.890103
-0.033838,0.129495,4.016408,0.925594
0.130956,0.127762,2.365468,0.956222
-0.013455,0.123343,1.843853,0.955718
-0.106402,0.121905,1.623700,0.897780
0.082411,0.125038,2.648771,0.875416
0.023981,0.119847,-0.408109,0.894343
0.126823,0.119894,1.704485,0.860032
0.007077,0.126161,0.996179,0.917103
0.225339,0.132604,0.514100,0.950214
0.093961,0.126365,1.664338,0.923612
0.011395,0.119127,1.742895,0.851561
-0.179926,0.138059,0.542431,0.974643
-0.075804,0.134755,2.462630,0.958669
-0.104863,0.125355,1.103920,0.917860
0.117216,0.135195,2.827944,0.993833
-0.051851,0.131200,3.633244,0.943676
0.054944,0.125675,0.069422,0.880515
0.236137,0.127264,1.139528,0.924351
-0.020153,0.128506,1.460019,0.945896
-0.048405,0.120041,1.302123,0.878846
0.095807,0.127343,0.377592,0.935469
-0.021313,0.123526,-0.978843,0.917241
-0.194900,0.124445,0.645292,0.920801
0.131278,0.131264,0.045404,0.959134
0.059789,0.121245,4.690265,0.873487
-0.021673,0.112158,2.458595,0.828296
0.055471,0.124682,1.074597,0.893432
-0.164179,0.120470,0.192454,0.854207
-0.192678,0.124521,0.757398,0.915575
-0.040587,0.118134,0.773095,0.894769
-0.004246,0.130941,1.368369,0.947861
-0.030636,0.141085,-0.024971,1.032557
0.094909,0.120002,2.000020,0.860810
0.061893,0.129220,1.573480,0.927013
-0.063008,0.113229,0.632131,0.836310
-0.115188,0.122858,0.746484,0.924040
0.195947,0.120262,-0.259024,0.880937
0.030862,0.127295,2.968587,0.895177
0.154661,0.115313,2.989773,0.849868
-0.162759,0.114358,0.380907,0.828961
-0.068912,0.120365,-1.224890,0.877544
0.114637,0.123068,0.168951,0.892392
0.175425,0.140953,1.683850,1.037559
0.011145,0.125185,0.185582,0.870206
0.126998,0.126024,3.918258,0.910193
-0.052213,0.117665,3.186270,0.869512
0.087202,0.130504,0.933504,0.931070
0.085996,0.130357,0.737620,0.923509
0.045836,0.134819,0.346514,1.022437
0.091494,0.123748,0.980219,0.919548
-0.109078,0.143384,1.052104,1.054451
0.080231,0.127706,2.726710,0.930006
0.016180,0.120036,1.327941,0.877406
-0.090959,0.113917,2.450259,0.872969
-0.093963,0.113891,2.063896,0.813459
-0.161646,0.127522,-0.280449,0.919970
-0.097381,0.127012,0.439261,0.965187
-0.034813,0.133198,1.995012,0.949616
-0.045220,0.129953,2.195167,0.965603
0.099062,0.133904,-0.020704,1.003955
0.110123,0.121248,2.001801,0.899934
-0.213510,0.109797,1.357516,0.778898
0.031602,0.135822,-1.037756,0.974607
0.015677,0.118501,0.386786,0.873423
-0.182287,0.125354,1.221507,0.937310
-0.092320,0.122131,0.831941,0.883307
-0.183421,0.136087,4.416363,0.965973
0.036263,0.124166,-0.651347,0.955899
0.130700,0.128654,1.645581,0.929055
0.145030,0.130120,1.202569,0.934727
-0.022203,0.132858,-0.395200,0.955791
-0.039404,0.118685,-1.476730,0.878951
-0.099250,0.122340,0.089269,0.915290
0.241596,0.127790,2.853045,0.929511
0.143601,0.125350,0.835111,0.932452
0.022436,0.126718,-0.094966,0.932453
0.066945,0.138594,2.949912,1.027535
0.044691,0.124499,0.314162,0.919955
-0.093492,0.121958,3.013806,0.884963
0.050002,0.114486,1.165368,0.814437
-0.127834,0.129366,2.052009,0.935699
-0.226670,0.122792,0.805807,0.843255
-0.136833,0.145382,2.464081,1.044022
0.108733,0.129564,1.128312,0.968996
0.144266,0.127954,4.569439,0.942246
0.168488,0.125419,0.735908,0.897830
0.162046,0.117146,0.385174,0.879130
-0.040145,0.117275,3.206720,0.873536
0.004282,0.139116,1.056594,1.012812
0.045549,0.121916,2.589780,0.915967
-0.152846,0.124668,-0.515974,0.942162
-0.027427,0.119706,1.047164,0.861810
0.148952,0.130615,-1.648976,0.951883
0.126703,0.118842,1.988616,0.899592
0.037759,0.114271,0.296669,0.820831
0.076242,0.133375,4.074162,0.949304
-0.224709,0.113836,1.004324,0.826117
-0.091944,0.138937,0.255722,0.995443
0.095150,0.119692,0.966006,0.908163
0.103613,0.126260,1.795356,0.866821
-0.030493,0.130514,0.334978,0.939269
-0.005089,0.126596,0.170382,0.911411
-0.054340,0.130109,0.097510,0.971518
0.196269,0.129497,1.882028,0.936138
0.187992,0.121692,2.956328,0.898557
0.006640,0.119238,0.731304,0.882225
0.016533,0.133094,-0.874694,0.982610
-0.248879,0.131806,2.318406,0.948626
0.096446,0.122523,1.848064,0.889381
0.085965,0.126774,2.969882,0.904379
-0.029888,0.115570,0.529340,0.827403
-0.000190,0.113089,1.378996,0.823501
0.091979,0.114216,4.405792,0.842021
0.134381,0.123054,1.897470,0.906208
0.010799,0.110256,1.662620,0.773022
0.094436,0.115339,-0.258284,0.853679
-0.085501,0.122650,1.259260,0.878349
0.202544,0.125155,2.401498,0.915975
-0.080869,0.126455,-0.809173,0.918519
-0.088647,0.122626,2.110372,0.901659
-0.035066,0.119411,2.721145,0.854603
0.099187,0.112247,1.849311,0.810584
0.008290,0.107807,0.459056,0.791373
-0.137194,0.118155,1.645948,0.871741
0.122012,0.147840,2.476922,1.070919
0.071792,0.143864,-1.161572,1.030216
-0.089841,0.126635,3.048529,0.898934
0.086495,0.128998,1.095034,0.920680
0.092040,0.117745,0.400765,0.845124
-0.150660,0.123640,0.784724,0.922890
0.121304,0.134604,3.893336,0.941425
0.056673,0.120368,0.781311,0.877637
-0.030292,0.137157,3.890657,0.999987
0.074903,0.119238,0.836865,0.861295
0.017239,0.130522,-1.543608,0.950533
-0.080651,0.126364,1.761139,0.902914
0.074408,0.121979,1.160877,0.903278
-0.021006,0.120529,1.830898,0.898812
-0.020458,0.116165,0.804120,0.820479
0.082854,0.122690,1.041778,0.898274
-0.004340,0.127161,-0.486724,0.938131
-0.073748,0.128672,0.966937,0.927302
-0.011320,0.121645,1.797183,0.867067
-0.092677,0.137528,1.366563,0.948025
0.167291,0.117263,1.449282,0.838937
0.123079,0.121073,1.605598,0.876818
0.089954,0.121862,0.189438,0.889701
0.176567,0.115626,3.301603,0.831487
0.117321,0.136553,0.956422,0.984109
-0.065040,0.148640,0.979039,1.036131
-0.015196,0.129712,2.262251,0.918631
-0.081250,0.117182,3.464660,0.852138
-0.180253,0.130227,1.586241,0.930705
0.000217,0.132454,0.471565,0.960961
-0.106838,0.123422,1.836815,0.894530
0.029793,0.131718,0.867643,0.977000
-0.012424,0.128407,3.817316,0.963608
0.142521,0.131158,0.376514,0.948922
0.143171,0.123754,0.056425,0.893060
0.201635,0.117826,-0.057692,0.863871
0.069068,0.127284,2.162384,0.936439
-0.019923,0.126130,2.393439,0.896543
0.193620,0.123321,-0.132075,0.883954
-0.047302,0.134169,0.079859,1.027780
0.180366,0.111771,2.960190,0.806801
-0.198372,0.127924,1.420970,0.900297
-0.058747,0.118092,1.488919,0.821306
-0.068021,0.135156,0.270369,0.994705
0.015752,0.134695,0.614218,0.956202
-0.122026,0.124840,0.614335,0.953948
-0.023699,0.113359,1.619984,0.827304
0.053360,0.120396,2.872266,0.871757
0.016274,0.118099,1.145914,0.841981
-0.062079,0.130038,0.449277,0.937941
0.107446,0.135543,3.088825,0.967342
-0.103588,0.126156,1.447111,0.909283
0.102924,0.131160,0.452908,0.947545
-0.134115,0.118938,1.436590,0.858187
0.158766,0.121525,2.005422,0.889578
0.085899,0.124816,1.267743,0.934737
0.010602,0.117046,2.437151,0.857848
-0.132592,0.127708,1.050587,0.925826
0.084904,0.117211,3.968670,0.853592
0.236678,0.124373,3.322323,0.875188
0.153208,0.116052,1.664086,0.821892
-0.054527,0.124468,2.098422,0.868899
0.193315,0.120407,1.476052,0.853069
-0.016045,0.142863,-1.017042,1.008688
-0.209397,0.133296,-1.857730,0.944932
-0.022453,0.131984,0.433136,0.980702
0.018597,0.110325,1.484615,0.826318
0.015558,0.116344,2.127941,0.860423
-0.045306,0.121019,0.845930,0.884855
-0.056439,0.128684,0.941715,0.906541
0.304817,0.126868,0.384220,0.907317
0.108434,0.119645,-0.751361,0.879558
-0.023562,0.117696,1.222196,0.885995
-0.064624,0.136917,0.840305,0.985139
0.084583,0.114975,1.646118,0.846729
-0.191316,0.124767,2.124251,0.914263
0.009782,0.123016,2.390521,0.900831
0.048176,0.117261,1.022015,0.878319
0.129207,0.122943,1.582377,0.860144
-0.030755,0.125386,2.266437,0.939008
-0.077102,0.119989,-0.527570,0.842857
-0.138549,0.126005,1.334169,0.894452
0.006833,0.122028,0.645122,0.893749
0.177429,0.119620,0.528618,0.862632
-0.037017,0.121732,0.457410,0.889408
-0.004284,0.135137,1.368658,0.968803
0.152165,0.127451,-0.617082,0.935033
-0.103313,0.129087,2.753374,0.916506
0.224153,0.123052,0.689504,0.864219
-0.077321,0.132540,1.655006,0.948652
-0.043607,0.120758,0.139852,0.892178
-0.027385,0.120901,2.711840,0.876370
-0.008328,0.126610,3.920987,0.917851
0.123486,0.142245,2.569345,1.013462
0.325635,0.114606,-0.115433,0.849401
0.195789,0.112298,0.407953,0.827153
-0.005666,0.124067,0.605458,0.843530
-0.085047,0.121211,0.269681,0.876294
0.254607,0.123809,2.521810,0.929086
0.033434,0.123655,1.398144,0.875499
-0.027233,0.128995,1.186864,0.928753
-0.150195,0.140794,-0.088362,1.012736
0.080301,0.122977,0.780096,0.884738
-0.016157,0.136012,0.645169,0.978889
0.152848,0.115474,1.597652,0.836896
0.091290,0.120677,2.319247,0.853321
-0.235509,0.116015,-2.123587,0.811487
-0.170606,0.135474,-0.835774,0.979093
0.025449,0.122019,0.685521,0.864917
0.354616,0.122911,2.156865,0.911553
-0.087814,0.122694,3.026737,0.912363
-0.188694,0.117368,-1.095201,0.843087
0.046458,0.135589,0.719811,0.985599
0.118941,0.124281,3.445469,0.944586
0.321122,0.124958,2.551437,0.890453
0.018792,0.128726,-0.458440,0.908725
0.042753,0.122228,1.279212,0.885691
0.064944,0.114104,1.730405,0.807357
0.006840,0.127687,2.495851,0.938692
0.037967,0.126629,1.418112,0.909809
0.071792,0.126580,1.495152,0.930789
0.238495,0.125892,1.600308,0.934225
-0.020307,0.122539,2.814937,0.858872
-0.003666,0.118607,1.581574,0.859501
-0.005383,0.106759,1.318510,0.814489
0.174933,0.121977,0.304183,0.904860
-0.137695,0.126442,0.839707,0.924819
-0.009914,0.117034,-0.320862,0.864971
0.026857,0.125599,2.736832,0.895273
-0.062717,0.139624,-0.326885,1.013325
0.110462,0.118974,-0.443586,0.851721
-0.213224,0.122587,2.081389,0.836221
-0.128654,0.126062,2.944729,0.882813
-0.081242,0.118718,0.063459,0.856583
0.117999,0.111993,0.425007,0.828003
-0.137003,0.140310,0.410981,1.014695
-0.058843,0.121035,2.542766,0.909719
0.029484,0.135647,2.517322,0.975144
-0.050228,0.121235,2.215193,0.923755
0.212668,0.116376,4.245558,0.884061
-0.102042,0.130149,1.731349,0.931012
-0.112164,0.120707,2.557325,0.893980
-0.115173,0.131405,4.563818,0.939580
0.130466,0.124031,0.886506,0.921102
0.164154,0.127085,0.841334,0.884052
0.017349,0.128321,0.200382,0.926036
0.033493,0.116237,-0.499448,0.857158
0.000912,0.132557,0.493171,0.942070
0.210120,0.111154,2.844314,0.806285
-0.023747,0.128493,0.131643,0.919137
0.032032,0.123901,-0.150642,0.881687
0.135191,0.123735,2.209003,0.911357
-0.054561,0.129876,-0.739474,0.949290
0.095874,0.131783,2.284262,1.001450
-0.046370,0.120942,1.876730,0.882155
-0.046286,0.131072,-0.566361,0.998615
0.137753,0.125524,0.345536,0.928916
0.119519,0.128261,1.965191,0.919878
0.247277,0.132452,2.398228,0.947599
0.113845,0.131658,0.875282,0.966825
0.279694,0.126419,0.249125,0.908944
-0.138366,0.119820,1.596192,0.876449
0.111739,0.120643,-0.832620,0.896074
-0.090861,0.120855,1.425546,0.879024
0.188550,0.132821,2.023449,0.982068
-0.221998,0.126267,2.818949,0.924114
-0.014363,0.128114,3.746593,0.911855
0.037681,0.114624,1.494349,0.838159
0.025283,0.121548,1.432438,0.859412
-0.141039,0.128550,3.246278,0.963165
-0.060206,0.145244,-0.424531,1.008986
0.077092,0.116954,3.216737,0.853662
0.022945,0.120026,1.220571,0.868851
-0.063371,0.127710,0.900999,0.927793
-0.126494,0.120416,-0.245150,0.865229
-0.390024,0.131338,0.625066,0.957515
0.040221,0.125507,1.650262,0.899836
-0.291883,0.121019,2.923376,0.887846
-0.103245,0.123721,2.207878,0.906842
0.074199,0.122755,3.168129,0.911858
-0.034038,0.123737,2.870098,0.890758
-0.051757,0.126226,1.723014,0.904936
0.007751,0.125331,0.020883,0.928538
0.147991,0.134989,2.819782,0.999993
-0.313303,0.138999,3.756030,1.030683
-0.075977,0.125581,1.259018,0.883023
0.112384,0.131340,0.343070,1.003666
0.054298,0.118329,-0.442386,0.847131
0.181854,0.145962,2.375530,1.051589
-0.023011,0.124148,3.103369,0.884060
0.069777,0.119560,0.856443,0.848576
0.180648,0.123360,1.717634,0.879727
0.011128,0.121932,2.067068,0.872488
0.044116,0.128591,2.461129,0.950496
0.178029,0.135749,0.266102,0.979290
0.060360,0.127109,0.148743,0.925369
-0.023626,0.131804,1.864318,0.967577
-0.135772,0.126278,2.248638,0.909997
-0.093827,0.131719,-0.003957,0.940448
0.236773,0.134147,0.445447,0.989918
-0.136395,0.117925,1.259068,0.845739
-0.032978,0.129543,0.716546,0.944859
0.298434,0.122662,1.913564,0.896267
-0.159806,0.140434,4.825469,1.023327
0.082501,0.124446,1.533585,0.884312
-0.058407,0.125401,0.798077,0.887954
0.109240,0.126042,1.334391,0.934023
-0.059940,0.110381,-0.826942,0.805757
0.036399,0.130730,2.155347,0.935789
0.021080,0.137843,1.396288,0.987456
-0.201628,0.115924,0.250442,0.828370
0.046803,0.135804,1.579329,0.944454
0.213336,0.113931,-1.393981,0.815470
-0.022239,0.112199,4.206883,0.798152
-0.139594,0.121930,1.441166,0.872129
0.112859,0.132118,0.365630,0.951821
0.005292,0.123764,1.232413,0.906396
-0.025453,0.128803,3.251051,0.938315
-0.236533,0.125309,2.352001,0.890374
-0.079207,0.121607,1.238820,0.906364
-0.117455,0.113475,0.514831,0.840149
0.189464,0.133152,2.552407,0.973889
0.037186,0.123588,3.029629,0.901746
-0.112975,0.127657,3.108923,0.908637
0.112538,0.115233,1.787651,0.824150
-0.050174,0.140002,0.923085,1.006685
-0.031383,0.122599,1.922102,0.942058
0.319808,0.129206,1.620793,0.935434
0.063362,0.124487,2.997943,0.900150
0.134234,0.119762,1.055257,0.866000
0.037593,0.141349,1.285872,1.006275
-0.183173,0.141446,-0.115217,1.037715
-0.002892,0.118266,1.849947,0.843476
0.133908,0.132001,-0.335371,0.940831
-0.023895,0.128857,-0.259394,0.927226
0.135683,0.112362,0.075113,0.821922
0.113155,0.128116,3.662913,0.954796
0.047182,0.118554,3.452422,0.877983
-0.195818,0.129557,0.675889,0.954863
-0.011162,0.124845,2.253173,0.974131
-0.009213,0.122426,-1.338976,0.901884
0.073633,0.127275,0.813215,0.934803
-0.154904,0.125142,0.272993,0.902909
-0.014483,0.137131,2.463220,0.991497
-0.227809,0.131317,3.336542,0.939276
0.184531,0.130004,2.816505,0.949257
-0.060407,0.139211,1.239147,1.057429
0.220893,0.109874,1.557885,0.794307
0.098439,0.137213,1.943294,0.993699
-0.021470,0.114129,0.372795,0.828735
-0.023369,0.128486,0.724518,0.908169
0.036436,0.132958,0.164021,0.978452
0.121748,0.123116,1.163325,0.846914
-0.139513,0.129085,0.066498,0.966528
-0.028469,0.121062,0.026724,0.863770
0.015630,0.129272,2.334594,0.918613
0.076278,0.122465,1.479771,0.909938
-0.155978,0.122838,-0.515969,0.901397
-0.045512,0.133315,-0.206621,0.977612
0.071168,0.108236,2.358037,0.790716
-0.009549,0.130587,-1.027945,0.918193
0.196374,0.126406,0.377995,0.924389
0.065643,0.121186,0.515248,0.910674
-0.080193,0.134488,2.923372,0.968624
-0.026708,0.119395,-0.671127,0.861697
0.138171,0.114762,2.014262,0.811855
-0.043616,0.117150,2.005883,0.821767
-0.007822,0.137382,4.841912,0.989564
-0.284542,0.141770,0.751229,1.024219
-0.082518,0.119474,1.189747,0.883351
0.298627,0.138315,1.704710,1.001816
0.012696,0.121874,1.927291,0.928064
0.020649,0.134195,0.378253,1.002235
-0.112871,0.130561,1.475230,0.964524
0.031589,0.107862,-0.382022,0.798375
0.011430,0.131360,1.710923,0.953903
-0.032792,0.125063,1.673860,0.899785
-0.200266,0.129425,1.381192,0.986937
-0.033427,0.123017,-0.389057,0.871303
-0.018009,0.115801,1.527419,0.851549
0.049151,0.138161,1.160312,1.036142
0.026875,0.115766,3.100460,0.823076
0.079989,0.107444,1.093615,0.754004
-0.053334,0.134708,0.262021,0.941045
0.074559,0.113906,2.128764,0.841659
-0.170865,0.129356,1.147463,0.954250
-0.237070,0.130528,3.854169,0.941002
-0.163877,0.119572,1.487662,0.848535
0.207983,0.131981,-0.136773,0.956411
-0.144970,0.132020,0.640139,0.965269
-0.145896,0.122187,1.450740,0.868553
0.034402,0.122848,0.588908,0.872127
-0.114077,0.115044,2.959175,0.819717
0.280252,0.121269,2.676030,0.857622
0.124806,0.115739,1.131653,0.837284
-0.002091,0.118806,2.103153,0.842013
0.057127,0.120206,0.896024,0.869807
-0.049971,0.131230,0.858619,0.991020
-0.218439,0.126588,1.724764,0.913779
-0.157212,0.125932,0.061224,0.897705
0.017818,0.130067,4.256963,0.940551
-0.139445,0.136104,1.709733,1.024553
0.057908,0.140422,2.603122,1.040303
0.123779,0.116155,1.986472,0.855124
-0.255370,0.127914,-0.471050,0.940749
-0.095528,0.128798,1.052620,0.926360
-0.092296,0.120501,2.216040,0.885378
0.155596,0.110466,1.731493,0.789292
0.246537,0.119063,2.434134,0.863938
0.049718,0.120030,2.521511,0.842712
0.181454,0.114120,1.692148,0.828586
0.053669,0.127893,1.733255,0.925583
0.204723,0.125332,1.633021,0.894752
-0.039506,0.122941,1.242116,0.900411
-0.100633,0.118849,1.936539,0.865490
-0.015675,0.130237,2.456050,0.909314
0.081086,0.117044,0.602253,0.843659
0.177763,0.127895,1.074682,0.928503
0.006844,0.112517,0.394537,0.809700
-0.090825,0.137408,1.707434,0.986214
0.287168,0.131012,1.925195,0.969461
-0.118556,0.127108,2.678219,0.909061
0.124482,0.122932,-0.275038,0.911295
0.182396,0.115312,1.525199,0.842211
0.018486,0.111530,0.863543,0.827465
0.153101,0.129629,2.216308,0.904178
0.034635,0.135924,1.657064,0.989339
-0.012539,0.121851,0.495238,0.891315
-0.106848,0.119513,0.019706,0.865112
-0.005175,0.119457,0.332673,0.860707
-0.193409,0.117920,0.161828,0.846890
-0.106567,0.117995,0.568520,0.860608
0.049437,0.109865,3.879556,0.818913
0.074942,0.137824,-1.084891,0.988454
-0.070930,0.141527,1.992084,1.008845
0.033099,0.144236,0.853477,1.028557
-0.106673,0.123357,1.100212,0.903929
-0.255145,0.129021,0.953562,0.980901
0.049397,0.124433,0.062331,0.913470
-0.014356,0.134865,0.600193,0.974409
0.226586,0.128033,3.908202,0.931722
-0.240307,0.130486,1.475785,0.949662
0.079421,0.124485,1.648866,0.909156
0.296995,0.131497,1.765987,0.939426
0.256502,0.132671,1.124429,0.952780
0.163380,0.126633,0.637147,0.920503
0.096235,0.121617,1.433032,0.880127
0.126289,0.136981,1.225010,0.965738
-0.117486,0.113964,1.890676,0.855114
0.142595,0.132997,1.720269,0.984599
-0.029049,0.108909,2.677704,0.787282
0.075370,0.107162,1.398371,0.792308
0.102911,0.129659,0.461831,0.905887
-0.075288,0.116780,2.208858,0.861078
0.013624,0.117877,1.899807,0.857415
0.033865,0.121898,-0.192027,0.874169
0.045099,0.107534,2.161912,0.798228
0.085544,0.123523,2.883464,0.880193
0.001397,0.111977,1.104689,0.825431
-0.270437,0.119138,1.877245,0.884096
0.147472,0.128790,-1.191411,0.965776
-0.047738,0.124764,0.922398,0.941598
-0.108592,0.126333,3.119803,0.943518
-0.032318,0.122077,0.123218,0.863392
-0.002574,0.114521,2.166305,0.824203
-0.181081,0.116525,1.310799,0.868850
-0.040943,0.133413,3.468856,0.947091
-0.085360,0.132956,0.246189,0.980285
-0.216014,0.136309,2.987575,0.979929
0.060186,0.110758,0.830206,0.802952
0.054565,0.125398,1.519352,0.925815
-0.029562,0.142434,0.240480,1.080030
0.043438,0.117557,-0.924619,0.870932
0.059418,0.128649,-0.215045,0.906251
-0.020316,0.127261,3.228356,0.936890
-0.140983,0.109577,0.545686,0.783964
-0.087265,0.131831,1.480147,0.934523
0.203302,0.112276,0.182370,0.787914
0.188791,0.126166,3.885329,0.960602
-0.071859,0.122283,0.445174,0.902081
0.235319,0.133404,2.621444,0.939922
-0.049299,0.127386,0.635895,0.898828
0.000016,0.128063,2.510267,0.927668
0.155365,0.120946,1.086182,0.873384
-0.027933,0.130666,0.958203,0.940041
0.085337,0.129001,2.123290,0.933846
0.160199,0.139690,2.678245,1.010342
-0.000205,0.126230,1.235099,0.893629
-0.153249,0.128005,0.955802,0.946811
-0.069127,0.131111,2.615530,0.958189
0.009432,0.133391,1.354256,0.950840
0.338919,0.122566,2.495183,0.898957
0.314118,0.119028,0.442093,0.871732
0.175172,0.140433,0.666063,1.000592
0.034357,0.131152,0.022267,0.942611
0.018254,0.127423,3.396728,0.905514
0.240311,0.122800,3.049793,0.897855
0.247714,0.126130,2.608450,0.938112
0.109318,0.123826,3.443868,0.898700
-0.076882,0.130854,2.802449,0.992308
0.193380,0.117904,0.913139,0.849944
-0.136031,0.124381,0.092181,0.902144
-0.162419,0.127580,1.117813,0.912433
-0.125648,0.138873,1.288113,1.002517
-0.136307,0.138215,1.079048,0.984623
-0.295663,0.132584,0.187187,0.979156
0.116593,0.127959,2.111131,0.910245
-0.009868,0.124321,2.551923,0.894527
0.180949,0.127056,1.564890,0.907441
-0.116198,0.130705,1.608357,0.972931
0.202514,0.121222,1.565542,0.872444
0.109530,0.121449,1.177504,0.879722
0.020334,0.149181,0.431734,1.082283
0.318467,0.119522,3.519072,0.860290
0.003131,0.115468,0.333339,0.835157
0.037475,0.108141,1.340831,0.773669
0.012139,0.115009,4.625950,0.821782
0.111663,0.125540,2.194816,0.923737
-0.062872,0.130130,0.316903,0.965861
-0.189008,0.131874,2.392639,0.976888
-0.151656,0.128766,2.907586,0.952310
0.221125,0.124762,2.787734,0.912128
-0.077960,0.125051,2.118752,0.915113
0.213597,0.125960,1.288793,0.900643
0.027454,0.128722,-1.650838,0.889442
-0.236866,0.128041,1.123669,0.942381
0.092288,0.121220,0.804066,0.894647
-0.024408,0.138037,0.161288,0.991380
-0.079262,0.136661,0.826309,0.976975
-0.067156,0.132468,1.010509,0.948167
0.188984,0.121553,1.642826,0.877569
-0.078447,0.125096,-0.347291,0.926541
0.176427,0.120617,0.437786,0.881795
-0.046391,0.126418,1.336661,0.925315
0.035112,0.126449,0.487434,0.891794
0.147886,0.102468,0.736702,0.755362
0.019382,0.113951,0.080603,0.833368
0.029354,0.129663,0.970768,0.973064
-0.197629,0.123491,1.636081,0.903891
-0.011487,0.127477,-0.375079,0.940229
-0.332191,0.124100,1.632653,0.888443
0.235369,0.120917,1.856100,0.868284
-0.040971,0.122383,1.196189,0.853274
0.123587,0.110921,-0.942373,0.816535
0.069815,0.118450,0.795080,0.862562
-0.097400,0.122648,0.962132,0.886530
0.002680,0.129118,1.257198,0.918268
-0.028320,0.125729,0.406288,0.905761
0.104788,0.118373,2.253035,0.822376
-0.041333,0.128834,-0.173912,0.942307
0.131876,0.130688,-1.246446,0.960589
0.023988,0.115815,0.943631,0.839587
0.027600,0.116910,1.355661,0.857834
-0.081366,0.127867,2.264696,0.948539
-0.177041,0.113543,1.076417,0.844194
0.010687,0.125727,-1.880486,0.927816
0.024966,0.112043,1.789336,0.832830
-0.045325,0.116763,1.588351,0.820782
0.059156,0.130049,2.081685,0.976304
0.003204,0.114618,1.284748,0.828114
-0.193748,0.124879,-2.659355,0.894968
-0.092334,0.121797,1.951658,0.875524
-0.029476,0.126905,2.278077,0.895874
-0.205792,0.124312,1.711656,0.919455
0.108355,0.120445,0.051672,0.827509
0.260657,0.124397,1.917920,0.930614
0.185193,0.132969,1.302175,0.986653
0.022125,0.132618,1.417974,0.951691
0.140838,0.117794,3.697935,0.856770
-0.009486,0.131070,2.066641,0.958049
0.143066,0.122963,1.711121,0.872335
-0.055117,0.132893,1.449652,0.954455
0.087654,0.125943,-1.055994,0.899942
0.020459,0.113885,0.420182,0.859500
