-0.783812,1.028216,18.976060,15.213340
-0.005267,0.250020,4.410913,3.657288
0.593084,0.389229,-0.070851,5.849889
-0.550669,0.285088,4.861349,4.167897
0.736017,0.343530,3.691031,4.960007
0.137833,0.253633,-1.605364,3.570707
0.976269,0.448955,-2.948155,6.517301
0.490919,0.478971,-4.192332,6.722008
-0.181420,0.264965,-4.777770,3.855600
0.115541,0.292562,-6.660928,4.275127
0.204848,0.402663,6.357052,5.954095
0.392267,0.354305,0.996155,5.090103
0.516513,0.317195,2.780400,4.437842
0.649707,0.482759,0.019256,7.100409
0.783397,0.575897,8.223112,8.361454
-0.489609,0.326083,30.382630,4.706375
0.536054,0.328220,-2.169968,4.831235
0.046516,0.408472,-1.240271,6.069595
0.475089,0.245278,4.241263,3.492107
0.341211,0.335477,-2.241359,4.781199
-0.609320,0.935879,0.297738,13.537012
0.807974,0.611917,-7.864384,8.920848
-0.066146,0.373848,13.136762,5.484609
0.003829,0.216589,1.332925,3.152440
0.989183,0.626669,-8.083105,9.410468
0.489292,0.591790,11.140837,9.067737
0.187444,0.379363,3.910109,5.469948
-0.518472,0.351785,3.280008,5.054542
1.069130,0.565010,-5.357436,8.256664
-0.421298,0.293116,4.883948,4.382420
0.234227,0.625807,2.902111,9.001593
-0.342761,0.620062,-2.360175,9.328421
0.649510,0.409417,0.894209,5.747562
0.533035,0.289641,2.094730,4.221595
0.091445,0.412253,-3.770238,5.895926
0.180819,0.106491,6.699689,1.603146
0.572022,0.532859,3.254503,7.564751
0.667931,0.542095,-7.905240,7.872717
0.695482,0.508733,8.826663,7.557453
-0.031716,0.533509,-5.202167,7.891465
0.151307,0.384436,4.310863,5.376471
0.079906,0.261246,-2.538602,3.689500
0.402878,0.310180,6.381375,4.458551
0.647750,0.441151,2.229149,6.347163
0.199775,0.292260,-1.483064,4.165769
-0.101856,0.446171,7.487491,6.580358
-0.261826,0.373870,0.954086,5.491335
0.243260,0.307029,3.754513,4.544507
-0.163516,0.299965,5.960096,4.426710
0.859757,0.551882,3.579143,7.954993
0.673696,0.427325,-4.025740,6.159539
-0.902636,0.665295,3.221706,9.571539
0.193959,0.461356,-4.833369,6.650581
0.128293,0.451715,-2.292718,6.556876
-0.322700,0.061751,7.533416,0.903581
-0.189176,0.096767,-2.394800,1.468434
-0.320890,0.388043,1.913064,5.864854
0.246213,0.335519,-9.767608,4.763732
-0.086932,0.318965,8.097824,4.499553
0.159811,0.341216,-3.400606,5.121191
-0.050222,0.238981,2.826122,3.460318
0.212210,0.725823,0.495526,10.505163
-0.286452,0.773782,-0.181893,11.290983
0.167609,0.444816,-3.735296,6.592534
0.627737,0.328521,5.735249,4.784583
0.351811,1.032817,-6.206183,15.491919
-0.085421,0.273832,5.510809,3.851925
0.978776,0.766296,5.617373,11.315169
0.265342,0.161624,9.559308,2.432849
0.576818,0.516788,6.144926,7.536640
0.365393,0.526106,-2.263986,7.462414
0.676453,0.370465,6.359007,5.447776
-1.413418,0.926532,16.311860,13.201507
-0.415578,0.337042,-5.850971,4.772503
-0.301537,0.303192,3.268443,4.460138
0.143887,0.234592,5.798124,3.299267
-0.320926,0.235992,-2.184011,3.358433
0.102199,0.495620,-0.881661,7.315018
0.272310,0.240637,-5.146196,3.537954
0.392930,0.298319,1.924148,4.296247
0.032176,0.266547,3.349692,3.934579
-0.389862,0.719764,2.488804,10.605657
0.468559,0.417955,1.528119,6.074505
0.478065,0.347844,3.949640,4.990364
0.421418,0.321672,-0.616534,4.845248
0.475044,0.300579,2.525083,4.480674
0.462808,0.667187,-3.919763,10.115818
0.396506,0.477814,3.362758,6.488734
0.178773,0.264207,-3.388061,3.926585
-0.412907,0.412824,6.150049,6.030224
0.857222,0.480960,-18.418055,7.011648
0.404569,0.240264,2.495810,3.330472
-0.333534,0.602110,9.015951,8.687048
-0.247239,0.252836,-9.387372,3.574559
-0.119218,0.326646,-4.185059,4.898568
0.150573,0.625864,1.371954,9.455188
0.129123,0.488126,3.092101,7.020581
0.151317,0.214411,-7.556235,3.088421
-0.127616,0.735171,-6.277526,10.372088
-0.087029,0.719742,-11.264306,10.536216
0.180809,0.355404,5.670698,5.000577
0.009475,0.205691,5.422744,2.973434
0.005112,0.417745,-4.980724,6.108840
0.251966,0.235626,0.278899,3.420836
0.349442,0.428746,1.300020,6.140683
-0.065877,0.140532,10.510484,2.089032
0.529203,0.300237,-6.380198,4.150172
-0.325599,0.316747,3.726459,4.651808
-0.277792,0.273300,7.581713,3.917300
0.407998,0.437932,4.642656,6.539280
0.296567,0.419831,5.860417,6.098686
0.370534,0.413407,3.750023,5.890137
-0.295962,0.291629,3.064917,4.341541
0.330207,0.718173,-0.628969,10.461607
1.266801,0.673865,-8.537076,9.865443
0.610200,0.612849,-6.015950,9.299618
0.696080,0.553249,0.691613,8.060528
-0.240608,0.077730,3.174659,1.148499
0.603889,0.461784,3.348726,6.545484
0.011540,0.230234,-1.348781,3.400271
0.332381,0.328948,-11.339003,4.905784
0.069469,0.231206,-1.050613,3.371421
0.253752,0.436055,4.955060,6.337454
0.406206,0.445199,4.574751,6.494468
0.169988,0.347935,-4.369162,5.064538
0.638287,0.290521,-5.739955,4.233481
-0.197749,0.274444,12.938305,3.965191
-0.166066,0.053409,2.208587,0.796664
0.465641,0.499536,-11.920740,7.280657
-0.722757,0.359753,5.369849,5.414269
0.076391,0.306729,4.050953,4.472458
1.094637,0.665882,-5.727296,9.799475
0.274458,0.389981,0.289076,5.550753
0.336811,0.457443,3.662390,6.747295
-0.141212,0.218446,-10.405675,3.194177
1.057433,0.809911,-5.884988,11.897660
0.752885,0.717657,-11.038855,10.193231
0.183362,0.366977,2.754303,5.088348
0.034024,0.401066,4.775691,5.922013
0.326477,0.401635,-8.300262,6.024576
-0.553616,0.270024,0.406725,3.935749
0.670052,0.383610,-3.537852,5.463218
-0.266184,0.441908,13.973683,6.452860
-0.386904,0.350887,3.854970,5.254933
0.314289,0.415410,0.720973,6.194669
0.044813,0.306625,-2.560601,4.566555
-0.217786,0.270084,-5.020589,4.133050
0.020745,0.303255,2.277225,4.381305
0.959405,0.601006,7.206276,8.565400
-0.171149,0.381971,5.109340,5.605131
0.629814,0.725372,18.855441,10.984332
-0.038641,0.243101,6.245174,3.684396
-0.204349,0.454534,1.275815,6.492315
-0.322879,0.395119,6.300936,5.730302
0.226636,0.379404,6.283166,5.327029
0.507186,0.758158,-15.114106,11.147630
0.502105,0.783349,-11.767073,11.571447
-0.608444,0.630345,5.564234,9.182535
-0.229435,0.087793,-4.890051,1.299648
0.956814,0.456856,2.617724,6.809244
-0.052639,0.358277,1.112081,5.198633
-0.122614,0.217306,1.144730,3.210147
-0.660718,0.406779,21.662116,5.787636
0.141436,0.538737,3.486208,7.828444
-0.060439,0.336379,-0.775361,5.164167
1.396845,0.525921,-5.312901,7.554140
0.880439,0.585583,5.238614,8.444225
0.317116,0.298198,1.096431,4.381903
0.142334,0.472121,-1.735255,6.832351
-0.145298,0.440895,2.586147,6.329031
0.616396,0.375187,6.493765,5.478820
-0.338680,0.053669,2.004235,0.779480
0.241104,0.206935,-3.141194,2.905665
-1.154506,1.083454,15.845715,15.498064
-0.774691,0.559952,-4.154735,8.413977
0.252220,0.194713,7.055350,2.882121
-0.355771,0.216531,-6.766412,3.225197
0.579285,0.370882,-3.329602,5.506342
0.227364,0.479947,-10.480717,6.734533
-0.236399,0.548632,-2.113866,8.204295
-0.397368,0.263700,-1.316485,3.840715
-0.156295,0.644240,13.435610,9.457335
1.242334,0.502318,-7.090018,7.384076
0.787478,0.367770,4.719196,5.207697
0.391043,0.674088,-8.770572,9.765682
0.430963,0.338762,3.977668,4.829570
0.105468,0.447328,-4.218437,6.703244
0.431376,0.541807,30.954123,7.947639
0.218526,0.161800,4.536838,2.403358
1.108842,0.642884,-0.225091,9.114778
0.345081,0.525697,-5.007432,7.577317
-0.040913,0.281644,4.108896,3.857945
-0.190726,0.568697,-8.088252,8.179945
0.320352,0.328518,-0.629007,4.937635
-0.288485,0.416409,-1.541937,5.944336
1.049563,0.439627,3.181096,6.498307
1.421707,1.263742,-14.371759,18.320221
0.112445,0.170940,1.750020,2.449122
0.518622,0.393549,-0.150983,5.833501
0.456400,0.463775,8.538643,6.729830
-0.019852,0.378206,-3.610576,5.612901
-0.012910,0.316022,6.583929,4.596800
-0.406617,0.137976,5.159331,1.997852
0.309848,0.417564,-0.862784,6.062065
-0.534518,0.569991,0.520398,8.375744
0.195497,0.374598,2.714888,5.421573
0.339191,0.541430,-4.703896,7.946426
-0.258251,0.453175,4.033111,6.469339
-0.009164,0.273407,2.394556,3.970739
0.427025,0.311893,-1.500729,4.534103
0.781683,0.604130,-3.753298,8.926905
0.612573,0.340902,0.334913,5.031109
0.243179,0.218774,1.795658,3.246089
0.486105,0.344698,-7.590906,4.996815
-0.216987,0.516379,-1.370208,7.314424
0.933934,0.488238,7.066774,7.046227
0.908671,0.448690,1.040721,6.397721
0.610645,0.393958,2.632529,5.725622
0.780179,0.513212,-0.203895,7.660635
0.773406,0.577519,-14.965413,8.310935
-0.033806,0.340899,0.555467,5.023805
-0.179295,0.398017,7.802082,5.728606
0.270595,0.386863,-21.586494,5.675900
-0.350395,0.312618,4.229254,4.488367
0.578836,0.436158,1.427284,6.426902
0.004003,0.199430,6.811698,2.851510
-0.070944,0.368076,4.948955,5.452588
0.063293,0.302401,-6.347955,4.264604
-0.179416,0.483397,6.956895,7.082486
-0.390985,0.338140,7.100415,4.781195
-0.263929,0.341655,-3.456993,4.921875
0.628593,0.551846,-7.994259,8.359252
0.008832,0.352428,6.131199,5.215086
0.561550,0.472830,19.701388,6.895465
-0.130008,0.216744,4.718890,3.251749
0.656831,0.631835,27.265226,9.159625
1.313675,0.612234,0.550575,8.435526
0.373704,0.402380,9.945647,5.533682
-0.214904,0.157418,0.549257,2.226143
0.096339,0.592242,1.178050,8.568596
0.669721,0.458452,6.626799,6.615166
0.585061,0.769342,4.657727,11.570396
0.532477,0.318145,-7.918991,4.704679
0.148628,0.452916,7.402537,6.820588
0.635687,0.594253,-5.838860,8.815936
-0.531714,0.387013,4.458616,5.491955
0.859517,0.387018,4.144564,5.478023
0.546717,0.616992,-4.305691,9.001456
0.255413,0.423661,0.060180,5.935436
0.143574,0.501422,12.797195,7.399277
-0.333330,0.480138,4.594110,6.818910
-0.069406,0.349349,6.570557,5.099120
0.549684,0.369852,3.353352,5.429641
0.346798,0.453456,-4.821186,6.446882
0.290752,0.426696,-6.688262,5.906572
-0.006468,0.335471,3.324328,4.851362
0.479595,0.285364,2.856034,4.138071
0.261155,0.399008,-3.327796,6.017961
0.674472,0.465339,1.118098,6.796070
0.004451,0.240073,-5.441689,3.552997
-0.573963,0.328403,-2.209634,4.851642
0.570750,0.601280,-0.954851,8.827781
-0.788040,0.386791,10.859847,5.545150
0.263481,0.391470,8.456676,5.667809
0.251161,0.638388,1.780007,9.280794
0.570533,0.348496,-2.302727,4.929746
0.955409,0.566376,-20.294035,8.752225
0.189115,0.355387,1.353219,5.293442
0.725551,0.389194,-0.574008,5.563680
0.071883,0.274276,1.345154,3.702941
0.090567,0.341438,14.989026,5.077883
0.693486,0.522955,-5.752400,7.654684
0.996489,0.681798,-1.495330,10.060308
0.397321,0.383770,3.867843,5.791279
0.886604,0.427123,3.999318,6.193567
0.889725,0.675321,-5.513957,10.027927
0.282429,0.466925,-8.643369,6.771524
0.407491,0.404653,-1.664632,5.665279
-0.070125,0.438748,6.193306,6.294151
0.184195,0.573548,-5.835935,8.255660
0.667073,0.575344,-1.489278,8.249822
0.402489,0.504479,3.093689,7.347115
0.129110,0.583559,-6.109630,8.439230
0.506220,0.549758,3.175017,7.671386
-0.560478,0.488129,4.913365,6.960967
0.535485,0.362077,-0.472809,5.239138
0.851320,0.399227,-0.684651,5.892596
0.281742,0.725274,-5.881004,10.519274
0.297185,0.438790,1.857833,6.335284
0.249165,0.313688,-0.593721,4.442930
-0.380380,0.380853,7.308960,5.585343
0.074334,0.585917,-1.879771,8.487358
-0.291332,0.328147,5.564615,4.758311
0.066872,0.637838,7.067503,9.199809
0.865897,0.423825,-1.939543,6.102498
0.530857,0.393873,2.112290,5.604660
0.624128,0.398736,3.708217,5.847901
0.614882,0.377918,-13.294501,5.523343
-0.814420,1.125632,8.521679,16.142869
1.531225,0.990053,13.104224,14.717043
-0.425796,0.172406,5.401607,2.544383
0.043991,0.530537,11.077406,7.846046
-0.519468,0.275131,-0.119584,3.992303
0.336673,0.565398,0.947022,8.433068
-0.165661,0.254001,-3.212880,3.664233
-0.710622,0.733502,2.169118,10.929586
0.836240,0.924023,14.316450,13.873558
-0.399060,0.739714,-4.191600,10.675466
0.351723,0.580825,1.827724,8.387428
-0.506008,0.464313,0.839184,6.578750
0.168295,0.494829,13.357026,7.162244
0.300429,0.343622,0.541466,4.882134
0.462286,0.314513,7.000711,4.571684
-0.173348,0.207221,-1.397998,2.909263
-0.141945,0.477396,10.097638,7.398154
-0.433359,0.505515,0.297040,7.425612
-0.382043,0.269237,8.807364,3.815263
1.031677,0.475606,1.517639,6.925477
0.087237,0.272074,0.768053,3.855172
0.380216,0.238093,8.830643,3.376058
-0.132446,0.285846,2.878839,4.283128
-1.011550,0.602527,8.088185,8.710957
0.460645,0.371359,0.318716,5.406320
0.101565,0.318968,-3.397320,4.573556
-0.461515,0.439400,8.470851,6.398013
0.313439,0.396301,-10.299600,5.774669
-0.474665,0.437544,2.104109,6.348966
0.188070,0.349084,-8.086093,5.155520
-0.008743,0.400885,3.383594,5.695260
-0.106362,0.521203,-7.974343,7.554047
-0.329333,0.412584,3.237522,5.998475
0.087784,0.318463,0.916242,4.532169
0.290223,0.718120,-1.632411,10.753276
-0.200348,0.424559,16.699453,6.260703
0.357237,0.198835,4.260012,2.904311
0.067588,0.395800,3.779249,5.782682
0.041844,0.324092,-0.622387,4.588696
0.322837,0.209351,-0.522878,2.983845
-0.257764,0.279354,-3.536646,4.118711
-0.407096,0.499814,-0.008530,7.069536
1.630015,0.574657,-6.489306,8.545846
-0.240497,0.230328,7.558073,3.338115
0.458034,0.711413,2.306058,10.327507
0.310100,0.175737,2.102123,2.551248
0.297169,0.360571,-2.933012,5.343277
0.174313,0.231739,-3.491575,3.382973
-0.086266,0.157738,6.036404,2.289143
0.560382,0.399391,-8.042516,5.752036
0.215706,0.522001,-13.147669,7.731588
1.215900,1.004603,-10.723467,14.609918
0.312545,0.538218,2.935923,7.739022
-0.141096,0.164142,1.185691,2.449624
-0.060950,0.233015,3.382681,3.306581
-0.289384,0.204410,-2.695615,2.963258
0.251341,0.393110,-18.351730,5.666328
0.286151,0.353138,-4.348364,5.251831
0.650666,0.620081,-6.357543,9.088841
0.325222,0.400170,2.844016,5.849480
0.889392,0.751186,-12.202997,11.006409
0.232466,0.239220,0.348735,3.422998
0.268475,0.346901,4.764610,4.986431
0.277775,0.440520,2.534221,6.257546
0.313048,0.159095,-0.688993,2.324397
0.002903,0.383188,3.966783,5.412262
0.078842,0.287778,7.118911,4.256096
0.115166,0.425656,7.545971,6.325146
0.189129,0.371729,2.110974,5.419260
0.476254,0.485675,-4.980657,7.151858
-0.471241,0.869557,-9.375939,12.264295
1.076521,0.490138,4.742497,7.179831
-0.189939,0.137010,3.736272,1.992239
0.223631,0.209700,1.737970,3.113522
-0.209607,0.533340,10.390311,7.820521
0.501067,0.439807,-3.208356,6.527751
-1.442670,0.581110,-0.558569,8.286286
0.758144,0.431322,5.985485,6.392146
1.084861,1.009578,-5.463834,15.017603
0.201115,0.466661,1.648146,6.662749
0.353348,0.173330,-1.612680,2.511121
-0.311873,0.208913,-2.617603,3.092488
-0.504351,0.344743,9.508113,5.024669
1.033163,0.650112,-2.838344,9.486260
-0.037257,0.354957,10.283021,5.176940
0.705951,0.694349,-6.072918,10.123013
0.513640,0.489384,-1.437207,7.257710
0.527408,0.486441,-5.970616,7.287234
-0.383197,0.146983,-5.550297,2.116390
1.269461,0.674094,-6.066332,9.884749
0.484980,0.347753,-6.028573,4.936798
0.941404,0.720232,-16.419547,10.423930
0.933797,0.737430,4.949091,10.817986
0.550557,0.353716,-2.778536,5.233139
0.324793,0.353158,0.902686,4.983725
0.603227,0.386191,-2.230883,5.427852
0.166826,0.214804,-2.922167,3.025634
-0.195631,0.264295,4.973444,3.779093
-0.421955,0.500983,0.649924,7.300518
0.346554,0.448457,1.830560,6.496098
-0.845151,0.705107,-5.253690,10.421525
0.461051,0.333438,7.348289,4.936374
-0.239685,0.646783,4.219547,9.343552
0.015245,0.297299,-12.892914,4.242376
0.472210,0.571324,-7.857027,8.584958
0.118775,0.303415,6.607476,4.448778
0.071995,0.459999,-6.005625,6.534584
0.139174,0.501234,1.838519,7.438275
0.548541,0.404563,-2.350217,5.934455
0.339144,0.494953,-0.568914,7.077811
0.420493,0.450389,-7.075154,6.758382
0.333324,0.366896,-5.064775,5.304252
0.400950,0.278842,-3.316639,4.045110
0.215410,0.518305,3.325357,7.608558
0.519097,0.468642,-3.158601,6.979662
-0.669709,0.808805,2.141379,11.471215
0.558200,0.328458,15.813254,4.695618
0.443930,0.333063,-24.121273,5.019954
0.219486,0.276816,6.874999,3.917455
0.316286,0.430659,-1.331303,6.233259
0.263026,0.266857,5.934788,3.942107
-0.106461,0.426774,2.347421,6.082731
0.065026,0.188656,4.099900,2.772655
0.255575,0.338680,-0.774256,4.864624
0.299650,0.499978,6.139459,7.160552
0.107246,0.194395,2.456001,2.811601
0.824194,0.442980,5.168848,6.354333
0.911266,0.552369,-0.179205,8.088575
-0.479208,0.400983,6.550032,5.823967
0.163706,0.318292,4.193850,4.535606
-0.759303,0.687004,0.554184,9.989752
-0.726452,0.676064,20.083236,10.177055
-0.529047,0.659812,3.445905,9.928781
0.266872,0.578097,-3.679210,8.424863
0.481749,0.218857,3.464048,3.200233
0.764113,0.487531,2.824867,7.224122
0.327469,0.514170,-5.779590,7.552253
-0.378976,0.728847,5.741213,10.941368
0.090600,0.590935,-1.172167,8.498587
0.070279,0.235182,-0.176453,3.378703
0.637435,0.496373,2.918129,7.056666
0.038392,0.583617,0.240535,8.189288
-0.105172,0.389030,5.941545,5.779001
0.081402,0.426994,8.778335,6.199263
1.483277,0.836217,-5.142621,12.270160
0.401428,0.413952,-6.749047,5.982230
-0.144165,0.454547,-0.041517,6.492845
-0.183981,0.125557,-3.650017,1.853219
0.566644,0.590757,3.941025,8.698143
0.959675,0.757342,1.561930,10.714844
-0.217742,0.327437,-1.795233,4.736346
-0.681826,0.408979,-1.037491,5.984471
0.354300,0.499745,2.435323,7.210132
0.136972,0.582367,0.370504,8.502914
0.948270,0.660450,-0.359049,9.873836
0.884225,0.568210,-5.866130,8.173013
0.498632,0.430176,-5.791371,6.400349
0.736405,0.371293,-11.485204,5.458789
0.404531,0.347754,12.111134,4.944512
0.784838,0.349137,7.812280,4.888394
0.145863,0.364885,3.496594,5.240911
-0.310739,0.367734,2.387963,5.216230
0.436778,0.396186,1.584307,5.730504
0.312711,0.462711,-2.999365,6.784872
0.587788,0.312076,1.271986,4.496055
-0.290345,0.247451,5.177132,3.573774
-0.013918,0.511907,3.781442,7.314333
-0.023562,0.366516,-0.495251,5.193199
-0.553560,0.422943,4.322965,6.222798
1.076191,0.462051,-6.373240,6.966845
0.364957,0.336996,2.623613,4.935515
-0.309318,0.472811,-7.979442,6.967694
0.714060,0.500133,3.918341,7.235847
0.170265,0.487807,2.298108,7.039570
0.693950,0.479459,-6.817306,6.851729
1.671610,0.881321,-6.527197,12.891275
-0.279523,0.306179,4.739154,4.458429
0.046001,0.346758,1.480243,4.901044
0.205971,0.455977,10.917910,6.726230
0.573375,0.658196,0.906507,9.781427
0.454687,0.375559,-3.614270,5.369543
0.087956,0.377444,-4.062089,5.474726
0.820877,0.333627,3.764252,4.704139
0.468855,0.420507,3.551661,5.897112
0.338181,0.387798,-1.657906,5.466921
-0.019757,0.187238,0.337080,2.662732
0.885022,0.508601,-3.600746,7.525841
0.361846,0.350750,7.325614,4.931331
-0.310631,0.309523,-3.636810,4.479879
0.308254,0.398324,-6.745316,5.713000
0.235792,0.294141,0.594110,4.244231
0.548467,0.291327,2.619070,4.209049
0.677821,0.453125,7.676576,6.809550
0.729616,0.756072,2.172828,11.274168
1.039935,0.651177,1.969625,9.327023
0.502483,0.445228,-8.574126,6.308005
0.101729,0.289420,-4.758356,4.426301
0.471669,0.292916,1.638525,4.202708
0.275416,0.191672,7.370383,2.860095
0.227763,0.250904,1.580263,3.695333
0.034956,0.194820,-1.952934,2.825830
1.399608,0.692115,-4.369261,10.071104
1.445621,0.741175,-5.001318,10.346127
0.552824,0.292410,-2.123867,4.340557
1.038123,0.472035,25.065355,6.941534
-0.195876,0.229971,0.388354,3.218334
0.194105,0.214959,-0.289207,3.046735
-0.045084,0.346460,8.521820,5.062096
0.647926,0.373618,-10.231990,5.413351
-0.168372,0.233893,6.020756,3.419561
-0.142852,0.187936,1.213590,2.839094
0.655430,0.474611,-19.833861,7.046494
1.223365,0.860821,2.162065,12.647886
-0.115754,0.449074,-6.349914,6.666440
0.216180,0.239738,-1.935914,3.669526
1.039108,0.764766,-10.683359,10.838396
0.919365,0.677257,-9.932762,9.874316
0.567770,0.535896,-4.252377,8.151429
0.258354,0.334039,-4.031170,4.921390
-0.240901,0.254532,-1.742748,3.578728
0.032047,0.206896,4.289105,2.969082
0.862454,0.582958,-1.609283,8.404531
-0.208313,0.291586,-4.795168,4.248760
0.043888,0.354043,-0.307294,5.109875
-0.130792,0.227690,8.764588,3.417611
0.279924,0.270036,0.383173,3.899303
0.572157,0.235958,-3.827644,3.419170
0.488624,0.571458,2.553642,8.130777
0.156335,0.282170,-2.000004,4.083141
-0.715589,0.723373,-5.461950,10.643896
-0.342295,0.179399,8.358854,2.623768
0.863961,0.617736,5.059271,9.142502
-0.092192,0.079415,-5.241593,1.153381
0.357543,0.364994,0.216375,5.168762
-0.098132,0.517919,3.880067,7.629944
-0.225859,0.519172,1.623107,7.870759
-0.224076,0.430872,5.581126,6.202554
-0.409386,0.524582,-2.363191,7.619512
-0.158124,0.460183,8.516242,6.747126
-0.164975,0.379978,-16.020011,5.420982
0.641068,0.493007,8.791427,7.016800
0.402100,0.326479,-4.967660,4.828557
-0.024110,0.608354,10.149187,8.791646
-0.024028,0.273642,-5.138780,3.979511
0.795689,0.504907,-0.728447,7.483495
-0.044376,0.511325,3.628419,7.336398
0.553323,0.518015,-4.380511,7.597738
0.966025,0.569044,-0.576148,8.451645
-0.008892,0.359593,-7.500515,5.302810
2.982630,1.658435,-13.129870,24.653794
0.732595,0.427763,13.791936,6.108315
0.679472,0.358490,-3.279698,5.139917
0.165089,0.326599,6.815085,4.828203
-0.965497,0.547628,-2.491893,8.283826
-0.172543,0.192532,7.718112,2.767395
0.057763,0.282175,-0.174173,4.032611
0.635356,0.443080,5.463418,6.317331
0.171193,0.238732,-5.641181,3.516080
-0.141597,0.314611,3.779397,4.695500
0.171507,0.380161,-5.812530,5.493377
0.835195,0.404100,-2.024861,5.820912
0.211275,0.392262,-2.638485,5.856288
-0.351812,0.387005,12.973883,5.616403
0.604790,0.277288,-11.401234,4.085815
-0.464097,0.279503,7.088258,4.050478
0.137057,0.559038,1.582609,8.483553
0.444597,0.539392,-5.172314,7.565701
-0.011161,0.336971,0.453329,4.990918
0.086665,0.742279,-2.431045,10.584151
-0.436069,0.391134,83.396506,5.708463
-0.180219,0.355683,5.684185,5.212105
-0.415844,0.578525,2.776148,8.399542
-0.816492,0.477683,-0.069151,6.894253
0.953902,0.627948,2.062850,9.383365
0.159985,0.339067,-4.872960,4.874820
-0.404217,0.577513,-2.977060,8.665488
0.463525,0.244674,-0.696158,3.528954
0.627369,0.435905,0.591942,6.277552
-0.046864,0.181242,-0.502114,2.712083
-0.017884,0.196593,-0.649572,2.786947
-0.209684,0.357958,0.741458,5.246864
0.312086,0.236647,1.509084,3.404353
0.061789,0.320781,-1.935748,4.577786
0.156228,0.166512,-0.729476,2.352472
0.790970,0.390564,2.498257,5.797919
0.144220,0.445658,-3.375083,6.696766
0.066167,0.317695,-4.480990,4.541618
0.735592,0.483706,-0.435662,6.927476
1.273031,0.540735,3.610398,8.163435
0.447124,0.485290,2.891457,6.905030
0.490913,0.314402,1.467342,4.618925
0.082739,0.329330,-7.642252,4.907703
-0.594186,0.847766,12.009512,12.701564
0.371684,0.448928,-2.452889,6.686606
-0.346735,0.259522,4.433403,3.898539
-0.157598,0.320990,-1.498908,4.687233
-0.936975,0.258254,-2.747792,3.743704
1.836620,1.659995,-2.206757,24.048251
0.272120,0.471810,5.015124,6.813833
0.586741,0.367009,0.320022,5.540839
-0.191007,0.121396,4.507761,1.724011
-0.291186,0.569917,3.221393,8.271790
-0.837439,0.624206,-11.760806,9.391351
0.191301,0.410100,-3.099273,6.148728
0.790097,0.410639,0.055492,6.013156
-0.131989,0.321385,-2.127446,4.711568
0.027451,0.308414,-10.771019,4.335079
0.711760,0.457071,8.252844,6.679301
0.790496,0.437350,9.881433,6.361032
-0.390115,0.333036,8.124084,4.821196
-0.304008,0.185183,5.068455,2.548509
0.051764,0.359423,4.970577,5.246848
-0.304977,0.893996,-3.202689,13.133685
-0.212642,0.207701,-2.686441,2.983461
-0.176829,0.288979,-2.036418,4.318087
0.647366,0.334848,4.668237,4.776726
0.441371,0.338038,4.257599,4.904803
0.640151,0.256148,0.070479,3.760106
-0.085942,0.358854,18.420061,5.257518
1.115450,0.783326,3.738625,11.368470
0.219792,0.369156,5.294332,5.261505
0.823430,0.747556,-11.874285,11.005149
0.911927,0.448107,-4.581282,6.312380
0.220726,0.633733,0.723092,9.493675
0.493280,0.442917,-1.260195,6.341500
0.096506,0.859681,-3.346357,12.342215
-0.213695,0.067175,3.486209,0.999233
0.992289,0.616310,2.653579,8.937663
0.246142,0.509201,-3.004935,7.351612
0.635238,0.450898,-9.972420,6.621486
-0.416803,0.556686,-0.554203,8.126728
0.439309,0.437173,-0.725854,6.382240
0.252796,0.285562,-3.478887,4.024127
0.657370,0.619678,-1.069140,9.445294
-0.853211,0.501986,-0.311194,7.263739
0.070292,0.241908,3.009181,3.585995
0.024288,0.337240,-2.706136,4.925523
0.780281,0.613295,-4.066976,9.266543
0.527804,0.541721,-1.725546,8.250980
0.514910,0.393288,2.657461,5.729276
0.135376,0.479986,-5.586027,6.925084
1.306899,0.575069,0.045928,8.304898
-0.143993,0.338358,-3.799324,4.884480
0.405742,0.341046,-1.878879,5.057724
-0.287966,0.522004,0.110276,7.449132
0.042062,0.287186,1.633726,4.030213
-0.026868,0.232449,-11.460346,3.438447
0.005997,0.312115,1.438879,4.565980
-0.259392,0.341956,-7.317607,4.916599
0.666724,0.436143,1.527847,6.517259
-0.357044,0.460673,2.560087,6.545384
-0.064717,0.590086,-2.172164,8.481110
0.494581,0.417358,0.314221,6.089527
0.471595,0.338090,3.745399,4.884220
1.044765,0.493974,0.535930,6.893282
-0.282133,0.349858,7.324089,5.206561
0.276808,0.313319,-2.189035,4.546003
-0.160489,0.772990,-0.378800,11.428931
-0.397580,0.391948,8.980112,5.735870
0.531725,0.406271,3.986888,5.800338
0.096363,0.331342,4.551924,4.651550
1.895505,1.505113,-22.898597,22.400339
-0.451383,0.460681,4.117262,6.537904
-0.603982,0.223223,10.230218,3.310242
0.902660,0.507668,-0.864577,7.335451
0.235557,0.399134,-3.521042,5.635145
0.520572,0.671010,-12.653360,9.685320
0.299625,0.260967,1.282666,3.792896
0.331793,0.614564,5.759189,8.869449
-0.138435,0.151598,-1.115283,2.289252
-0.018078,0.315194,5.437908,4.634362
0.059809,0.320680,4.217453,4.577866
0.570931,0.252151,2.988394,3.651900
0.127237,0.459639,0.864309,6.849484
0.643146,0.425481,5.948192,6.184988
0.520164,0.266123,-2.276265,3.808100
0.572035,0.329741,-4.790258,5.052147
-0.306144,0.315568,-0.611539,4.443511
-0.482263,0.825082,-5.673033,12.212248
0.519252,0.253554,-1.147387,3.656678
-0.310387,0.219529,0.450318,3.185196
-0.078953,0.317855,0.630712,4.559121
0.572401,0.522971,-6.285200,7.799638
-0.264824,0.393585,-2.313521,5.657710
-0.095535,0.379877,3.745491,5.549961
0.117380,0.308017,1.368553,4.473305
0.483735,0.393592,-2.421837,5.704602
0.074042,0.182735,2.108909,2.712832
0.479546,0.373495,-2.904018,5.370600
1.038756,0.611767,-0.327662,9.147119
0.207555,0.448796,3.069108,6.353543
0.409334,0.507441,17.349416,7.334995
0.152683,0.590079,-5.594203,8.824596
0.002610,0.319294,2.515226,4.657655
-0.126140,0.393510,4.956866,5.850804
0.852094,0.599784,-3.339003,8.626045
0.333751,0.428711,5.558659,6.351294
-0.368701,0.389603,1.063793,5.628025
0.739534,0.481452,-4.010567,7.222298
-0.417532,0.280560,7.833719,4.031092
0.083193,0.303071,1.503546,4.512478
-0.435886,0.280886,9.045672,3.969916
0.472530,0.263674,-2.209257,3.896892
0.463588,0.350330,3.703855,5.202549
-0.251347,0.424705,-5.060107,6.403559
0.102432,0.682100,7.042778,10.233660
0.716198,0.394921,-5.171805,5.663994
0.437275,0.493737,5.252632,7.108577
0.457907,0.669268,-7.170844,10.032857
0.508299,0.530044,-6.763770,7.582373
0.178733,0.349608,11.097995,4.983056
0.622732,0.402283,-5.520650,6.047309
-0.060394,0.146815,4.365689,2.101876
0.240346,0.342768,-3.671078,4.881144
0.164405,0.233445,-4.132004,3.336439
-0.706614,0.449926,6.912986,6.653041
0.494827,0.432755,-1.629772,6.290792
-0.056368,0.318199,-0.189191,4.542656
0.477141,0.332967,2.130227,4.723441
0.895691,0.514823,2.983285,7.594819
0.217397,0.215528,-1.422654,2.989189
0.460819,0.386635,5.154769,5.485680
0.601402,0.926388,9.181957,13.912537
0.490209,0.494304,-0.799520,7.430405
0.442435,0.373653,2.413320,5.398219
0.710805,0.612895,-2.746303,8.540146
0.001991,0.374957,-1.236479,5.515415
0.666863,0.465650,1.917832,6.839893
0.099941,0.283395,1.863442,4.118165
0.664111,0.698419,-5.659331,10.641205
0.001008,0.348176,3.592391,5.017741
-0.034747,0.260032,2.237508,3.877480
-0.271200,0.273420,-7.986829,3.918590
-0.152782,0.122367,2.143598,1.759447
-0.156617,0.412331,1.390416,6.003447
0.322026,0.443812,1.618822,6.497691
-0.152538,0.310683,8.155751,4.703519
0.627370,0.330564,-0.372469,4.729346
0.876208,0.581331,-0.766006,8.576471
0.377723,0.216790,4.461136,3.101532
0.491930,0.333180,0.543923,4.890178
-0.159332,0.687593,-4.394987,10.077755
-0.252576,0.202775,-3.030286,2.965020
-0.293376,0.397572,10.169888,5.810298
-0.231084,0.326104,0.358535,4.681827
-0.054592,0.120493,-0.862415,1.772294
0.529140,0.338102,-3.290104,4.893832
0.351846,0.302199,-4.635587,4.421012
-0.036972,0.346063,-11.172826,5.000854
0.658515,0.471431,8.504926,6.700938
0.129443,0.207822,8.765091,2.893371
0.217743,0.278263,-13.390164,4.075493
-0.634103,0.359755,-0.205566,5.244695
-0.482825,0.314998,-1.638441,4.609940
-0.325720,0.376388,-4.598606,5.359232
0.737546,0.398045,1.723956,5.712744
0.346079,0.255839,1.913662,3.651006
0.094065,0.246149,0.896452,3.461277
0.421544,0.413050,-0.293916,6.160316
0.425409,0.293222,-6.217035,4.175234
0.420349,0.273840,8.367552,4.030624
-0.086142,0.220981,12.601088,3.260115
-0.526257,0.602183,-1.073842,8.585668
0.207685,0.468743,-7.366204,6.681778
0.381553,0.474269,-3.022487,7.019333
0.358532,0.621632,1.417102,8.897020
-0.111520,0.231774,0.891912,3.353417
-0.237349,0.335731,0.260632,4.854261
0.737093,0.496173,-3.128826,7.058288
0.426390,0.488724,-7.732578,7.131604
0.038475,0.265920,-0.744540,4.005009
0.390146,0.618465,1.577130,9.148021
-0.509284,0.267849,6.983015,3.928715
0.288502,0.457861,-1.894643,6.794064
0.315137,0.393892,-3.179041,5.676690
0.257380,0.279011,0.569402,3.919863
-0.272117,0.399186,4.807997,5.772770
0.231493,0.274113,-7.182686,3.967261
0.347689,0.934886,1.480186,13.647785
-0.370200,0.299233,8.910290,4.438660
0.452574,0.208324,-7.945186,2.997591
0.340678,0.343848,1.630351,5.044064
0.411323,0.327956,-3.351610,4.789491
0.344986,0.376499,-2.857131,5.451839
0.888586,0.754117,-0.138028,10.982687
0.040455,0.395033,8.551394,5.778014
-0.021865,0.136525,0.420974,1.926666
0.180010,0.356358,-1.677979,5.113865
-0.162448,0.152942,3.795302,2.210018
0.672450,0.468693,-2.412793,7.036455
0.319518,0.390991,-3.588372,5.589075
-0.037970,0.516520,5.803127,7.171692
0.442743,0.224238,7.282397,3.242163
0.174121,0.316303,-3.438270,4.635016
0.844667,0.756891,-11.979781,11.558999
-0.902300,0.274804,11.514223,4.115740
-0.140075,0.210956,-1.219138,3.027888
-0.507561,0.319249,3.889931,4.608211
0.411906,0.294020,6.671023,4.263910
0.430487,0.248237,6.840622,3.617841
-0.684192,0.449225,-0.947124,6.521060
0.608662,0.568470,-3.878391,8.540789
0.597379,0.530959,-9.241616,7.789952
0.233033,0.316011,5.613637,4.665611
-0.402186,0.473089,12.172676,6.944275
1.058400,0.650241,-4.033462,9.634538
1.635663,0.812475,-8.472777,11.904259
0.262302,0.332988,5.541868,4.835050
-0.130694,0.428530,2.885978,6.256494
0.298531,0.423326,3.941276,6.291452
0.512088,0.426016,3.354332,6.235745
-0.127916,0.271736,-6.567752,3.981445
-0.556853,0.132945,7.295097,1.950380
0.634732,0.458790,0.803206,6.570365
0.353409,0.634949,2.344493,9.484922
0.024348,0.328572,9.411037,4.918843
-0.228681,0.288606,1.595291,4.282059
1.593641,1.373438,-17.761378,20.257169
0.460056,0.658266,-8.209645,10.110079
0.239843,0.326979,-8.415848,4.766634
0.341510,0.379453,-0.688556,5.601466
0.053606,0.239556,-0.949058,3.426172
0.258849,0.520173,-3.315298,7.693829
0.746740,0.509146,-9.554089,7.411935
0.381839,0.326280,-2.270045,4.626661
0.076273,0.294228,8.816460,4.402039
0.340483,0.309179,3.780938,4.513513
0.517988,0.434840,-4.125429,6.267482
0.528664,0.363928,6.804052,5.248642
0.122131,0.526706,-4.123164,7.597544
-0.697560,0.395417,4.850530,5.836405
0.087309,0.361751,17.928420,5.501281
0.852440,0.770022,-18.902680,11.291915
0.547641,0.273272,0.601286,3.941976
0.520423,0.322447,10.836151,4.674854
0.624459,0.412726,6.467982,5.894524
-0.359963,0.349635,3.857382,5.134899
0.922620,0.561184,4.682932,8.164378
0.665757,0.475443,11.162383,6.800199
0.907760,0.693256,-7.397109,10.192264
-0.133708,0.403920,6.445023,5.939078
0.492975,0.446055,1.582307,6.417650
0.041372,0.186977,10.132773,2.700502
0.513206,0.231760,-1.417676,3.305429
0.254069,0.917610,-11.295406,13.527070
0.073033,0.546606,-17.102169,8.030206
0.531282,0.184246,-1.440194,2.631640
0.053935,0.279646,4.810768,4.227086
0.621488,0.805969,15.988929,11.780302
0.376072,0.366554,7.447051,5.339047
0.490800,0.620170,2.272485,9.267787
-0.060610,0.680825,-10.776152,10.028469
0.102400,0.246491,2.452712,3.594627
0.291585,0.387491,-10.910572,5.749015
0.558770,0.483078,5.895308,7.084524
0.655412,0.520547,-2.870305,7.464884
-0.451904,0.477630,5.510383,6.940932
0.433828,0.456617,3.649042,6.683240
0.521280,0.442737,-4.993261,6.409950
-0.011740,0.338166,6.489744,4.843934
0.359348,0.234144,5.924446,3.461494
1.403509,1.383896,-9.824091,20.666055
0.907175,0.328523,1.000855,4.748824
0.777955,0.551330,10.213277,7.927335
0.027838,0.171247,-1.385807,2.527311
0.819653,0.521335,-5.484643,7.405435
-0.055542,0.356992,5.486660,5.261554
0.086306,0.315002,-0.832945,4.682063
0.650456,0.504806,-4.097777,7.367931
0.127234,1.130944,-6.904358,16.601819
-0.419241,0.414777,6.993383,6.068205
0.351322,0.315319,5.996177,4.666733
0.341686,0.388172,-5.287892,5.653137
-0.164108,0.238485,3.254987,3.383921
0.294159,0.490487,5.538920,6.959817
-0.047889,0.293656,11.603887,4.171356
-0.392126,0.760058,8.429517,11.259086
0.157660,0.218687,-1.486263,3.172450
0.151847,0.061914,-1.851161,0.879552
0.328288,0.599816,0.888016,8.865325
0.305304,0.437010,0.087886,6.295079
0.674254,0.546321,6.523514,8.326194
1.443755,0.810758,13.759781,11.845136
-0.076996,0.390453,-2.014583,5.878695
-0.070955,0.222880,8.700823,3.198982
-0.535568,0.367018,4.259794,5.158526
-0.104425,0.265145,7.783855,3.775271
0.575381,0.441970,-4.249344,6.261622
0.918696,0.579573,-4.391284,8.522053
0.322325,0.353411,2.392153,5.230681
0.564633,0.674848,1.214415,9.680162
0.359389,0.447935,-6.030966,6.480259
0.326019,0.313679,-11.006715,4.763436
0.229089,0.287021,-2.440758,4.166584
0.150901,0.651774,0.101205,10.011726
0.360185,0.689779,4.391348,10.266945
0.135169,1.026084,7.785842,15.358378
0.180825,0.330705,-2.392645,4.763990
-0.009131,0.411511,3.054868,6.030528
0.273099,0.332515,-3.196477,4.913974
0.674158,0.545184,-6.928172,8.221536
1.107192,0.744607,-9.431102,11.107152
0.125447,0.214865,-6.876674,3.167705
0.414951,0.381533,-5.944200,5.536370
-0.397927,0.317329,-2.877365,4.596841
1.037749,0.767023,1.316740,10.931361
-0.250480,0.158096,1.117118,2.244417
-0.139736,0.388326,4.213075,5.417313
0.142739,0.327207,1.315782,4.642734
0.062584,0.366137,9.910233,5.221348
0.284143,0.499432,-11.831270,7.361280
0.261718,0.454726,7.093654,6.534732
0.994284,0.897232,1.662981,13.594429
0.326238,0.126891,-1.029592,1.848692
0.312304,0.330813,-0.388401,4.840934
-0.628623,0.565208,7.009541,7.958018
0.190496,0.398147,2.596513,5.946481
0.555195,0.539698,24.862827,8.090792
0.436457,0.343659,2.972207,4.916436
0.365616,0.395904,-10.776465,6.000679
-0.438725,0.618920,-1.767035,9.229420
0.433921,0.391689,2.615735,5.528089
0.594628,0.600289,5.407563,8.908366
-1.072243,1.097545,25.029924,16.289450
-0.187183,0.541760,-10.721412,7.564161
0.447825,0.421698,-2.930113,6.147698
0.597944,0.386692,2.258866,5.734349
0.536818,0.809891,-25.679149,12.396110
-0.839292,0.574512,-2.209921,8.622642
0.666600,0.748930,5.266471,10.984193
0.336922,0.374816,2.598173,5.679200
0.157257,0.405175,6.611504,5.951654
-0.490963,0.455147,9.247387,6.586832
-0.132023,0.311464,-2.514066,4.505101
0.684878,0.497372,5.699709,7.233031
-0.242027,0.246251,6.402987,3.601689
0.183067,0.272530,1.920036,3.810757
0.644394,0.660916,-3.929702,9.721389
0.049654,0.234605,-8.161415,3.389903
0.211792,0.417582,-3.190981,6.006112
-0.452982,0.595010,11.336311,8.382092
-0.348665,0.204058,-1.968542,2.947101
0.435786,0.203311,7.980184,2.847566
0.055066,0.220060,3.720781,3.167402
0.206196,0.200793,5.792834,2.867573
-0.241312,0.286959,3.585839,4.238449
0.463578,0.360031,4.068070,5.290066
0.921610,0.572994,-2.573899,8.157433
-0.196441,0.332630,-2.571512,4.680161
0.644562,0.574411,-14.887435,8.428564
0.454368,0.591552,-1.594581,8.896103
0.354047,0.276601,-0.393654,4.049066
0.385516,0.690052,-11.096943,10.471447
0.216789,0.196539,5.857824,2.813480
0.177391,0.304973,1.894417,4.260055
0.026852,0.293355,1.026823,4.180274
0.370240,0.358566,2.223892,5.240924
-0.166822,0.754281,-10.844768,11.062706
0.012653,0.104381,5.778861,1.533265
0.415924,0.424473,4.877687,5.962225
0.027802,0.312132,-1.188966,4.642898
0.144980,0.643269,1.458959,9.422527
1.356137,1.036944,-13.543686,15.604051
0.346191,0.215972,4.789760,3.154681
0.141862,0.161794,-0.892408,2.275433
-1.020121,0.724652,14.041996,10.824490
-0.131271,0.144786,7.258586,2.117901
-0.283822,0.338313,10.006543,4.871069
0.218702,0.182059,-7.022942,2.609884
1.121632,0.773536,2.237004,11.193640
0.093026,0.437877,3.542923,6.215165
0.012521,0.225237,1.313239,3.224209
0.799391,0.392439,2.148179,5.879406
-0.016292,0.948727,-1.317210,13.595405
0.856393,0.504040,4.931678,7.405214
0.002336,0.389169,-7.274212,5.615116
0.152441,0.461767,-9.710501,6.694606
0.108576,0.264262,1.546589,3.828140
0.350702,0.342686,-5.007227,5.111542
1.035442,0.552164,6.515463,8.028891
0.287859,0.142112,4.933874,2.068309
0.650543,0.471566,-6.855683,7.050733
0.409448,0.327116,1.484809,4.712606
0.878708,0.512380,-6.123864,7.424214
-0.270619,1.735331,4.091669,25.417407
-0.295776,0.163818,4.803598,2.299985
0.037294,0.145021,10.177015,2.184008
0.505345,0.311457,-3.877228,4.563924
-0.552312,0.329517,-1.598423,4.859469
0.119437,0.262846,-5.322000,3.775069
0.834424,0.496072,10.276593,7.376740
-0.009260,0.341900,-5.566688,4.928967
-0.143476,0.059409,1.736004,0.896936
1.124763,0.440106,-8.351879,6.389261
0.375734,0.341295,0.605227,4.873822
0.382696,0.559570,3.867387,8.211319
1.604829,1.039545,-0.060326,15.611666
0.849191,0.649476,5.360865,9.742249
0.311068,0.305021,-1.545980,4.390863
-0.150278,0.151963,2.209077,2.175950
-0.431706,0.432308,-6.212888,6.231005
-0.215396,0.264191,3.442203,3.939182
