0.048235,0.033191,1.658055,0.305192
0.037425,0.033855,0.984065,0.312613
-0.013336,0.032983,0.534827,0.300262
0.087857,0.034011,0.676958,0.309043
0.019255,0.033586,0.763149,0.308113
-0.063598,0.032466,1.543814,0.298558
0.007542,0.032843,1.111135,0.297138
0.019594,0.033328,1.440754,0.305296
-0.006988,0.034613,0.719469,0.320238
0.062182,0.032640,1.293926,0.303883
-0.041505,0.032682,0.596865,0.299863
0.078343,0.034166,1.247904,0.313321
-0.000292,0.034165,1.432485,0.312790
-0.012541,0.032770,1.877868,0.300737
-0.019701,0.032929,0.753782,0.304149
0.043473,0.034275,1.319245,0.316328
-0.017476,0.032722,0.983088,0.299569
-0.022221,0.033196,1.343177,0.303106
0.007340,0.033219,1.842457,0.304417
0.028178,0.034275,1.603367,0.316285
-0.011212,0.034686,1.676901,0.317930
0.023976,0.034584,1.196326,0.319898
0.020048,0.033226,1.386202,0.304179
-0.016151,0.034108,1.725662,0.312514
-0.078293,0.031918,1.064308,0.299390
-0.000479,0.032634,1.196974,0.302613
-0.033668,0.033585,1.498112,0.311280
0.050747,0.033382,0.405098,0.310048
0.034169,0.033158,1.075574,0.304403
0.018955,0.033501,2.140081,0.310961
-0.032672,0.033687,1.122810,0.308843
0.075330,0.033846,1.650312,0.312428
0.032837,0.034096,1.712440,0.314038
-0.011896,0.032481,1.238385,0.299454
-0.025646,0.032428,1.631406,0.300712
-0.002736,0.033405,1.723630,0.304788
-0.041700,0.033057,1.028075,0.303795
0.004383,0.033339,1.017971,0.306727
-0.010150,0.031447,1.565370,0.293433
0.015765,0.034445,1.221995,0.317466
-0.008518,0.032859,1.006374,0.302100
0.040008,0.033307,0.789020,0.307109
0.030066,0.033895,0.839643,0.318635
-0.002728,0.033500,1.559092,0.306964
0.069056,0.032770,1.201455,0.299222
-0.082823,0.032812,1.711137,0.303909
0.029466,0.033079,1.074950,0.305739
0.073549,0.034326,1.908041,0.316958
0.034626,0.034846,0.939309,0.322802
0.047442,0.033624,0.925056,0.309439
0.006652,0.033311,0.944127,0.308674
0.025455,0.033805,1.817714,0.310788
0.008801,0.032289,0.566733,0.296165
0.033833,0.034468,1.579481,0.321645
0.056312,0.034595,0.789209,0.315815
-0.010503,0.033872,0.801360,0.313268
0.011472,0.033555,1.351249,0.310945
0.078281,0.033810,1.616484,0.312606
0.033798,0.033877,1.590945,0.309142
0.105982,0.033204,1.091934,0.305316
0.068811,0.032094,0.901458,0.294570
-0.028693,0.034390,1.576588,0.318479
-0.001850,0.035076,0.984180,0.322865
0.001232,0.034570,0.915096,0.318168
-0.004273,0.032657,1.127638,0.302195
0.038565,0.033143,1.695430,0.306243
-0.044847,0.033392,1.392327,0.309536
0.089545,0.033183,1.179067,0.305031
0.016445,0.033575,1.007834,0.309041
-0.001372,0.032452,1.728026,0.301689
-0.022481,0.033807,0.846686,0.314363
-0.034362,0.033989,1.482421,0.313545
0.040381,0.034203,1.382849,0.314533
0.051782,0.033715,1.082899,0.310979
-0.035182,0.032817,1.086393,0.302502
0.057123,0.034306,1.375871,0.314701
-0.025573,0.034821,0.878919,0.318432
0.021417,0.034216,1.243938,0.318601
0.063756,0.033676,1.709340,0.310593
-0.017326,0.032107,2.076894,0.298996
0.015848,0.033686,1.576965,0.309595
-0.022448,0.034255,1.296578,0.317158
0.000986,0.033252,1.576582,0.308443
0.015069,0.031733,1.685898,0.292429
0.071574,0.034723,1.383903,0.321182
0.037303,0.033150,1.169924,0.301493
0.033503,0.033725,0.414097,0.313640
0.049641,0.032350,0.884835,0.299269
0.013438,0.032689,1.114872,0.295882
0.006331,0.032741,0.873382,0.303333
-0.010876,0.034204,1.182810,0.317673
0.059552,0.032730,0.725127,0.302173
-0.023973,0.034167,0.936751,0.315306
0.015903,0.031722,1.468455,0.287579
0.057223,0.034758,1.280720,0.318802
0.044687,0.033522,1.580561,0.306871
-0.017588,0.033391,1.896802,0.305316
0.096847,0.033103,1.803106,0.301253
0.013927,0.033305,1.453274,0.308461
0.067494,0.032996,1.303467,0.305381
0.064406,0.034181,0.983989,0.313368
-0.041635,0.033741,1.383104,0.311481
0.017038,0.032947,0.777363,0.301340
0.078098,0.033257,1.267994,0.310759
0.012867,0.033418,1.380080,0.310907
-0.044072,0.033928,1.320161,0.311302
0.018582,0.033844,1.209113,0.313227
0.038227,0.033426,1.097863,0.309685
0.012148,0.033768,0.765150,0.307971
0.051016,0.033864,0.875677,0.308670
0.002450,0.032200,0.617519,0.297133
-0.024543,0.034050,1.225989,0.314601
0.017319,0.033953,1.021021,0.314955
-0.006537,0.032008,1.049567,0.295080
0.003960,0.034330,1.330123,0.316243
0.034855,0.031514,1.378295,0.288115
0.014580,0.033688,1.408868,0.311558
0.009499,0.031548,0.801415,0.291340
0.068866,0.034292,0.782438,0.315554
0.007181,0.033008,1.065927,0.300578
0.025162,0.032295,1.351641,0.298142
-0.008366,0.033622,1.383984,0.307137
0.015334,0.033486,1.175955,0.310392
0.043698,0.035071,1.229614,0.322091
-0.037592,0.032699,1.096048,0.302511
-0.068108,0.032042,1.687349,0.297897
0.057400,0.033187,1.581865,0.304866
0.047151,0.033006,1.412484,0.303025
0.008899,0.032227,1.386216,0.299959
-0.015184,0.033187,1.203203,0.305542
0.005001,0.033100,1.468812,0.300606
0.072632,0.032972,1.341821,0.303770
-0.006649,0.033422,2.079520,0.310516
0.064909,0.034278,0.893065,0.314066
0.016102,0.034751,1.022545,0.324518
-0.041196,0.032947,1.238021,0.304071
0.032789,0.033230,1.206222,0.305125
0.060873,0.034240,1.485619,0.313693
0.008037,0.032141,1.105442,0.298519
0.055610,0.033429,1.697873,0.313108
0.030460,0.032643,1.086765,0.299086
0.053618,0.033313,1.503445,0.308819
0.001308,0.032422,1.444031,0.299107
0.052889,0.034688,0.608721,0.321603
0.000659,0.033514,0.994439,0.311223
0.026529,0.034012,1.255185,0.315605
0.028544,0.033357,1.356321,0.309372
0.043007,0.031720,1.194026,0.294617
-0.020921,0.032888,1.233124,0.305649
0.013884,0.033785,1.196605,0.311513
0.032982,0.032090,1.181321,0.294494
-0.009363,0.032830,0.440346,0.304605
-0.001695,0.033825,1.954462,0.312143
-0.023489,0.034095,0.920765,0.313738
-0.020637,0.033789,1.468511,0.312016
0.031611,0.034003,0.936715,0.315487
-0.047916,0.032388,1.326459,0.297794
0.037065,0.032513,0.670342,0.303615
-0.009953,0.034017,1.363462,0.313120
-0.007594,0.033136,0.599782,0.308906
0.047983,0.032977,1.050418,0.302323
-0.050486,0.032864,0.967464,0.301204
0.024835,0.034142,1.096522,0.314023
-0.032988,0.033585,0.861082,0.308529
0.074235,0.033805,1.384941,0.315298
0.008091,0.033237,1.363660,0.306474
-0.050931,0.033363,1.011200,0.306884
0.057758,0.033697,0.895799,0.310874
0.006296,0.033929,1.154218,0.310847
-0.013283,0.034828,1.908870,0.320361
-0.037219,0.032754,0.855876,0.302788
-0.014099,0.033307,0.957568,0.310571
-0.019826,0.033433,1.285318,0.309776
0.041943,0.033379,0.738418,0.309440
0.013342,0.034432,1.128000,0.319962
0.047680,0.032544,1.060185,0.300902
0.064233,0.033945,1.057057,0.312345
0.026837,0.034464,1.316272,0.315435
-0.025203,0.033377,1.450962,0.305351
-0.006210,0.033027,1.086256,0.300947
-0.060170,0.031860,1.411308,0.292647
0.025590,0.035018,1.368061,0.326063
0.004154,0.032979,0.590574,0.305688
0.050252,0.034034,1.156005,0.308975
0.046444,0.033347,1.167945,0.305771
-0.018472,0.031776,1.150915,0.294804
0.045495,0.034222,1.210097,0.316244
-0.028208,0.034291,1.097146,0.312929
0.013239,0.034995,1.429678,0.324259
0.041243,0.033173,0.681879,0.308809
0.037007,0.034447,1.337596,0.315175
0.023685,0.033412,1.014745,0.311244
-0.017269,0.033758,1.227061,0.307785
0.014645,0.034394,1.805460,0.315359
-0.020719,0.031759,0.931985,0.294017
0.027277,0.031816,1.435489,0.292338
-0.037170,0.032550,1.267615,0.300619
-0.010934,0.033647,0.646378,0.309595
0.019433,0.033250,1.711351,0.307442
0.033638,0.032459,1.330827,0.295778
-0.013205,0.033233,0.855373,0.307226
0.034060,0.033262,0.817934,0.305053
-0.009764,0.032794,1.392625,0.303535
-0.044907,0.032648,1.374822,0.300745
-0.003644,0.032752,0.859673,0.304038
0.013447,0.031711,1.280656,0.294767
0.017003,0.033229,0.825699,0.303804
0.004591,0.034101,0.838083,0.312261
0.011004,0.032087,1.519548,0.299582
-0.009071,0.032967,0.971870,0.300017
-0.030090,0.033265,0.728342,0.308482
0.029537,0.034183,1.274436,0.315805
-0.055931,0.033494,1.048440,0.312857
0.005914,0.032580,1.266837,0.295787
0.005075,0.034108,1.329354,0.309921
0.069063,0.033231,1.283084,0.306116
-0.010530,0.034541,0.752725,0.321732
-0.024901,0.033794,0.386744,0.310285
-0.072868,0.031859,1.175518,0.294674
-0.009205,0.031871,0.857070,0.290058
0.046029,0.033770,1.371052,0.308606
-0.008653,0.033795,0.898498,0.314311
0.014731,0.033607,0.542944,0.309450
0.009315,0.033320,1.245857,0.303388
0.080105,0.032402,1.057066,0.301811
0.007184,0.033257,1.178855,0.307284
0.000654,0.032403,1.714140,0.297559
0.034308,0.033485,1.381990,0.307572
0.025195,0.034106,1.437242,0.316013
0.003891,0.033420,1.115622,0.306038
-0.016615,0.033838,1.041907,0.311476
-0.081023,0.031763,1.418270,0.292651
0.020766,0.033778,1.093327,0.313128
-0.039049,0.032987,1.408227,0.305659
0.001576,0.033492,1.114461,0.311000
-0.060306,0.032987,1.151591,0.302724
0.038156,0.032967,1.270629,0.301261
-0.003616,0.033782,1.805619,0.307542
0.058261,0.034618,1.472118,0.323169
-0.009926,0.032664,1.235640,0.298113
0.074021,0.033829,1.325706,0.313323
-0.004373,0.033511,0.624450,0.306823
0.045770,0.033318,1.228832,0.306533
0.019441,0.032745,1.366942,0.302786
-0.027119,0.033285,1.480860,0.305229
0.072929,0.033703,1.720845,0.310958
-0.005100,0.031939,1.118056,0.294990
-0.032460,0.033543,1.032247,0.309176
0.029356,0.034492,1.413993,0.318274
-0.012099,0.033055,1.312693,0.309002
-0.020360,0.033742,1.230351,0.308644
0.054407,0.033796,1.199709,0.308628
0.025171,0.032264,1.247606,0.294990
-0.045535,0.032325,1.468222,0.301250
0.005808,0.032927,0.714545,0.302207
0.005668,0.033422,1.169115,0.306474
0.042282,0.033238,1.391330,0.304435
-0.003631,0.034621,1.306394,0.323787
-0.002226,0.033567,1.276938,0.311429
0.024141,0.033340,0.544250,0.306326
0.003995,0.033199,0.992585,0.305569
0.002881,0.033530,1.300390,0.305818
0.047246,0.032876,1.572716,0.303926
0.010184,0.032760,1.752799,0.301586
0.020063,0.033510,1.052550,0.308650
0.051237,0.034395,0.823743,0.314989
0.047844,0.032503,0.824731,0.301016
0.034095,0.033519,0.648510,0.310478
-0.046107,0.032827,1.289472,0.300095
0.032318,0.033023,1.658245,0.302113
0.024329,0.032976,1.580759,0.305117
-0.015841,0.033308,0.196684,0.304557
-0.035427,0.033661,1.507251,0.310154
-0.003752,0.034376,1.739036,0.316574
-0.035028,0.033841,1.224322,0.314025
0.004937,0.033234,1.080790,0.304233
-0.005536,0.033141,1.301373,0.306918
0.089110,0.033799,0.717838,0.311656
0.019523,0.032405,1.196353,0.297973
0.073962,0.034149,1.284337,0.312876
-0.020536,0.033539,0.871981,0.308016
-0.017713,0.033240,0.686828,0.304593
-0.030914,0.033109,1.524380,0.306406
0.059859,0.034099,1.529524,0.312957
-0.046170,0.032651,0.986727,0.299859
-0.017411,0.032028,1.521073,0.295749
-0.040144,0.033834,1.211977,0.313574
0.050441,0.032900,0.823593,0.302157
0.010662,0.034366,1.176257,0.320141
0.004389,0.033115,0.839877,0.303973
0.042118,0.033900,1.202137,0.313216
0.002718,0.033848,1.548904,0.307858
-0.033761,0.034537,1.224174,0.322132
0.025236,0.032878,1.138261,0.303842
0.030680,0.033152,1.104351,0.308444
-0.039758,0.033399,0.851684,0.306310
0.029970,0.033306,0.726404,0.307247
0.036219,0.033297,1.737023,0.305344
-0.047412,0.032984,1.346551,0.305718
0.035241,0.033141,1.816593,0.307262
0.009675,0.032233,0.664783,0.294796
0.050234,0.032606,1.462703,0.297348
0.013251,0.032401,0.959045,0.302818
-0.001560,0.033552,1.368093,0.307124
0.016668,0.033654,1.033548,0.310544
0.046942,0.033703,1.097736,0.306793
0.015847,0.032179,0.591833,0.298094
0.070293,0.032595,1.032899,0.302945
0.033987,0.033106,1.249357,0.306702
0.047785,0.032298,1.378301,0.295376
0.024810,0.034413,1.179135,0.318515
0.024704,0.032966,1.182573,0.304909
0.042291,0.033377,1.376015,0.304511
-0.007436,0.033143,0.642382,0.303047
0.049793,0.033084,1.308943,0.303414
0.008648,0.034123,1.178782,0.314266
-0.043669,0.031117,1.978648,0.284312
0.045482,0.033379,1.479175,0.307117
0.068619,0.033852,1.081362,0.311341
-0.009940,0.033817,1.337104,0.311622
-0.028755,0.033214,1.220228,0.305316
0.044757,0.033154,1.173845,0.304154
-0.006037,0.033949,1.570873,0.312885
0.037969,0.032685,1.507776,0.300354
0.003457,0.032942,0.682539,0.302710
0.015841,0.034097,1.468258,0.314113
-0.041531,0.032808,0.809029,0.305369
0.027563,0.032730,1.227675,0.304938
0.034788,0.033641,1.418806,0.310299
0.041683,0.033944,0.378813,0.312865
-0.004122,0.033629,1.422052,0.311837
0.017662,0.031575,1.816748,0.290598
0.069206,0.032849,0.917476,0.299348
0.018802,0.034382,1.095454,0.312461
0.014174,0.034037,0.715718,0.313935
-0.026930,0.034202,1.328955,0.316223
-0.003526,0.032732,0.671683,0.303608
0.043319,0.033718,0.868966,0.309545
-0.005317,0.033574,1.399464,0.308373
-0.000982,0.032380,0.772354,0.299223
-0.034094,0.032854,1.015027,0.303331
-0.004292,0.032923,0.881041,0.299146
-0.048841,0.032681,0.858752,0.301167
-0.017931,0.033343,1.438985,0.306682
-0.006176,0.032911,0.946229,0.302786
0.007373,0.033251,0.573622,0.310024
0.051101,0.033497,0.784675,0.310014
-0.010013,0.033281,1.153587,0.306211
0.059145,0.033122,0.937289,0.304146
-0.018629,0.034963,1.084188,0.324521
0.015486,0.032817,0.894628,0.298555
-0.037993,0.033274,1.530465,0.313153
-0.001825,0.034728,1.263514,0.321623
-0.047899,0.032222,1.044905,0.297309
0.004242,0.032792,1.071608,0.302140
0.023685,0.033863,1.191658,0.308398
0.022467,0.032596,1.210301,0.298645
0.002051,0.032256,1.500554,0.294696
0.010329,0.033475,1.312796,0.308509
0.004907,0.032730,1.392312,0.299527
0.019072,0.033806,1.784859,0.312928
0.058405,0.033111,0.999826,0.303604
0.041263,0.033269,1.335582,0.301724
0.047348,0.033319,1.763318,0.304372
0.010107,0.032180,1.798707,0.296510
0.033252,0.032617,1.088885,0.297719
-0.009066,0.031896,1.335752,0.292534
0.008622,0.033670,0.442536,0.307846
0.009069,0.034308,0.749950,0.317258
-0.057898,0.033076,1.631072,0.306442
0.026996,0.033675,1.356465,0.307805
0.054606,0.033555,0.896681,0.312014
-0.020735,0.033220,1.778031,0.307168
-0.066754,0.034151,1.133668,0.316824
-0.026715,0.033341,1.535681,0.309142
0.003165,0.033759,1.621366,0.309107
-0.035853,0.033865,1.203709,0.313787
0.014621,0.032246,1.142584,0.299482
-0.041861,0.032037,1.444066,0.290102
-0.097966,0.032980,0.909027,0.303947
0.024100,0.032883,1.107568,0.306741
0.046884,0.034047,1.135215,0.314761
-0.007431,0.031837,1.832939,0.290575
0.002324,0.033403,0.828655,0.310893
-0.047755,0.034995,1.396149,0.320245
-0.004803,0.032759,0.595263,0.299669
0.057700,0.033638,0.965972,0.308067
-0.003981,0.033117,1.510670,0.306307
0.058771,0.032168,1.621427,0.297767
-0.045559,0.034133,1.298339,0.314291
-0.021075,0.033939,1.397884,0.310330
-0.000956,0.032669,1.540871,0.301940
-0.064675,0.033672,1.179019,0.312026
0.054658,0.032324,1.619884,0.299726
0.028466,0.032909,2.051370,0.302773
-0.049891,0.031637,1.263309,0.291679
0.032916,0.033487,1.057443,0.306171
0.021942,0.034084,1.413537,0.312564
-0.036144,0.034159,0.721459,0.315348
0.011200,0.033160,1.170597,0.304835
-0.057537,0.032738,0.962683,0.298703
0.019493,0.032830,1.256600,0.299876
0.027653,0.032688,1.111533,0.296105
-0.000075,0.034170,1.151121,0.314199
-0.004431,0.032799,1.894614,0.299870
-0.056361,0.034959,1.049726,0.319795
0.021934,0.033044,1.160544,0.304470
0.027792,0.032854,1.487198,0.303157
0.058672,0.033126,1.999785,0.305198
0.017987,0.033440,1.860409,0.304578
0.031999,0.032994,1.673035,0.302413
-0.049906,0.034256,1.307169,0.313750
0.014494,0.034200,1.340496,0.316142
0.068024,0.034057,1.460513,0.315732
0.000360,0.034413,1.425965,0.318810
-0.001152,0.033788,0.622873,0.311561
0.059943,0.032334,1.123887,0.301905
-0.036310,0.032689,1.591862,0.303732
0.048936,0.032793,1.171399,0.300008
-0.062225,0.033599,1.467917,0.308869
0.043544,0.033574,0.937963,0.311660
0.043353,0.034879,1.510861,0.320930
0.007494,0.032987,0.483264,0.305173
-0.105081,0.033888,1.147894,0.310037
0.029853,0.033937,0.954480,0.304980
0.002454,0.031500,1.790281,0.290800
0.028949,0.031974,0.788417,0.295614
-0.004105,0.032943,1.520956,0.304720
-0.028435,0.035256,0.623339,0.321699
0.008326,0.033310,1.428336,0.306024
-0.010925,0.033104,0.486025,0.304323
0.019360,0.032880,0.986956,0.302005
-0.011143,0.034119,0.819348,0.315346
-0.035198,0.035834,0.975701,0.331884
0.070785,0.032401,1.859038,0.296668
0.014626,0.033184,1.115853,0.300910
0.006219,0.032959,0.999069,0.305246
0.089872,0.033405,1.653185,0.310311
0.019466,0.033879,1.609159,0.311479
0.033703,0.032588,0.960697,0.301774
0.025135,0.034596,1.779884,0.314651
-0.014658,0.034523,1.452070,0.317103
0.027114,0.035545,1.064713,0.328888
0.039059,0.033306,1.627580,0.305230
0.019395,0.031481,1.408246,0.290807
-0.007062,0.032668,1.196684,0.298230
0.053245,0.033755,1.141691,0.311636
0.031303,0.033249,1.274333,0.309599
0.042360,0.034689,1.104118,0.313179
0.026358,0.034556,1.305537,0.315599
0.040633,0.032742,1.311239,0.300439
0.030237,0.034207,1.270555,0.314557
-0.026054,0.032631,1.037461,0.303188
-0.011340,0.032350,0.781920,0.299028
0.092773,0.034574,2.036441,0.317421
-0.010688,0.033324,0.980087,0.308564
0.024635,0.033082,1.087668,0.306377
0.009597,0.033932,1.225718,0.313167
0.013852,0.033499,0.787124,0.311430
0.026276,0.032096,1.293423,0.293539
0.047013,0.033010,0.844215,0.301471
0.038137,0.033359,1.130428,0.305996
0.017309,0.032651,1.179848,0.298892
0.060596,0.033014,1.471925,0.302258
0.011701,0.032303,1.175089,0.298116
-0.017688,0.032577,0.985574,0.299918
0.003317,0.032573,1.176628,0.300586
0.011887,0.032811,0.788559,0.301774
-0.014255,0.032813,1.430624,0.299577
-0.031705,0.033214,1.197746,0.302351
-0.022370,0.032901,1.581422,0.301835
-0.024963,0.033922,0.954245,0.314279
0.052940,0.033651,1.174445,0.310067
0.030894,0.034605,1.416117,0.317768
-0.002146,0.033590,0.805859,0.310732
0.049728,0.034015,2.288877,0.311827
0.031775,0.032889,0.860182,0.303519
0.039874,0.032778,1.503736,0.300041
-0.020769,0.033566,1.296018,0.311074
0.045633,0.033755,1.003302,0.315998
-0.006373,0.033272,1.350912,0.306705
0.016963,0.034504,1.351471,0.318414
0.016290,0.033966,1.091227,0.311588
0.000114,0.033490,1.006262,0.308662
0.004880,0.034954,0.482068,0.323099
-0.032628,0.032814,1.063158,0.302737
0.067219,0.032923,1.464085,0.300774
0.014461,0.034504,0.771317,0.312931
0.027286,0.031935,1.411547,0.295314
0.072122,0.033220,1.118227,0.304242
-0.002767,0.033211,1.502436,0.304126
-0.024179,0.033718,1.371878,0.312637
0.014954,0.033066,0.981733,0.303867
-0.021090,0.032133,1.111091,0.300483
-0.013985,0.032477,0.980977,0.299710
0.071004,0.032625,1.208141,0.299114
0.034613,0.034477,0.646431,0.319659
0.015588,0.033644,0.876242,0.308753
0.018370,0.032955,1.527998,0.305953
-0.000631,0.033225,0.862231,0.304246
0.018835,0.033204,1.106553,0.307663
-0.010148,0.034146,0.693901,0.312868
0.037591,0.033887,0.948361,0.312441
-0.003361,0.033611,1.363098,0.309492
0.080619,0.033665,1.144172,0.308814
0.031429,0.032721,1.505148,0.305253
0.037079,0.033715,1.562682,0.312092
0.022273,0.032888,1.439985,0.299947
-0.045877,0.032080,0.960925,0.297605
0.027204,0.032867,1.749224,0.301966
0.071649,0.033683,1.381133,0.307440
-0.046772,0.032182,0.868687,0.297968
0.017674,0.034016,1.184099,0.314221
0.070873,0.033322,1.328186,0.305481
0.020798,0.033762,1.565806,0.311167
-0.026386,0.032634,0.709096,0.305107
-0.023389,0.033285,0.990545,0.305009
0.052772,0.032193,1.327908,0.299261
0.047214,0.032919,1.301641,0.303732
0.030068,0.033688,0.904334,0.309311
-0.011960,0.033593,1.501792,0.308420
-0.000323,0.034234,1.233650,0.315389
0.005061,0.033240,1.467904,0.305417
-0.002106,0.033310,1.275092,0.305792
0.025772,0.034367,0.677226,0.320440
0.014483,0.032772,1.426548,0.301994
-0.011061,0.033050,1.341057,0.301181
0.033454,0.033128,1.126429,0.309533
-0.025535,0.033245,0.697408,0.306241
-0.022968,0.032215,1.428146,0.297436
-0.033695,0.032504,1.150261,0.299777
-0.003984,0.034512,1.630623,0.318797
0.006983,0.034018,1.393975,0.313070
0.000571,0.033863,0.853359,0.310120
0.037782,0.032965,1.777007,0.301201
0.059574,0.033628,1.040631,0.311773
0.048343,0.032416,1.699501,0.299929
0.025567,0.034180,1.458700,0.312335
0.028054,0.032185,1.591300,0.293216
0.029495,0.034202,0.955455,0.314361
0.052085,0.033646,1.060406,0.312108
0.066481,0.033563,0.926260,0.307993
-0.014846,0.033407,1.587053,0.309526
0.027287,0.032017,1.088784,0.295544
0.000650,0.032884,1.408511,0.302523
-0.022187,0.032724,0.460438,0.296039
0.059943,0.033508,1.135287,0.306134
0.005067,0.032482,1.043341,0.299854
0.020772,0.033329,0.789257,0.309165
-0.000874,0.032661,1.448569,0.305511
0.017415,0.033461,0.894624,0.308520
0.012470,0.033165,1.029224,0.305708
-0.083027,0.033394,1.276062,0.308931
0.040206,0.033933,0.682765,0.313456
-0.012983,0.032126,0.870271,0.295773
0.014554,0.032706,1.669964,0.299588
0.031217,0.032566,0.631627,0.299356
-0.055243,0.033730,0.913491,0.311606
-0.022822,0.034371,1.714302,0.319482
0.008980,0.033156,1.219929,0.304593
0.046761,0.032814,1.217363,0.302427
0.020839,0.033552,2.230106,0.308974
0.004019,0.033529,0.428231,0.307722
-0.012487,0.033653,0.911645,0.308316
0.037569,0.033796,1.540117,0.314317
-0.027592,0.032818,1.113203,0.305397
-0.008998,0.033024,1.198662,0.302662
-0.011404,0.033900,1.151431,0.310244
0.078559,0.033642,1.170991,0.309363
0.005882,0.032306,0.556176,0.294995
0.005640,0.032867,1.694499,0.297932
-0.031268,0.033866,0.801594,0.314640
-0.016196,0.033616,1.169566,0.312533
0.031194,0.034147,0.950868,0.316384
0.001637,0.032620,0.996247,0.301838
0.111170,0.033221,0.963987,0.307204
0.005045,0.034105,1.150703,0.309534
0.023085,0.033883,1.410740,0.313882
0.020084,0.033194,1.764034,0.306162
0.011334,0.032390,1.356815,0.299762
0.058597,0.034352,1.509321,0.315642
-0.014209,0.033791,1.511394,0.309722
0.001817,0.033897,1.632477,0.309470
0.038531,0.034455,1.029011,0.319309
0.025536,0.032290,1.300129,0.298316
0.031837,0.033493,1.220422,0.306554
-0.038756,0.033701,1.785044,0.312526
-0.055081,0.033380,0.746356,0.309027
-0.012195,0.033572,0.826610,0.307914
0.015005,0.033123,2.001068,0.305941
0.020214,0.033513,1.079100,0.306854
0.018502,0.033936,1.154568,0.312640
0.029424,0.032859,1.176096,0.302305
-0.018476,0.032883,1.406732,0.302698
0.007544,0.032841,1.544049,0.301193
0.066143,0.033607,0.907010,0.312352
-0.055402,0.033793,1.133782,0.313594
0.022094,0.033043,1.612230,0.304365
0.058022,0.033925,1.024003,0.316302
0.034272,0.033556,0.764222,0.309953
0.003701,0.032315,0.938964,0.299314
0.035112,0.033763,1.322757,0.312616
-0.033593,0.035534,1.458694,0.325693
0.025202,0.034519,1.249142,0.316076
0.020657,0.032167,1.506746,0.295557
-0.010882,0.033908,1.083471,0.309240
-0.013006,0.033100,1.078235,0.306146
-0.034843,0.034203,1.098299,0.316306
0.038384,0.032256,1.166283,0.298888
-0.010717,0.032176,0.968647,0.296595
0.002374,0.034131,1.010027,0.316850
0.011103,0.032589,1.687068,0.303591
-0.034472,0.033406,1.147040,0.306227
0.047202,0.032970,1.763532,0.302699
-0.007985,0.033194,0.638919,0.306228
-0.021773,0.033746,0.943410,0.311583
-0.041427,0.034605,1.508289,0.319212
0.012437,0.033484,0.947254,0.310098
0.049042,0.032345,1.015984,0.298153
0.019441,0.034024,1.660905,0.313221
0.031116,0.033992,1.163768,0.312862
-0.053275,0.033368,1.267912,0.306415
0.030094,0.033258,1.429270,0.303826
-0.018957,0.034496,0.693112,0.318129
0.010264,0.032244,1.525199,0.292512
0.020726,0.033972,1.626401,0.314668
0.027549,0.032938,1.043627,0.304724
-0.013492,0.033988,0.864180,0.313759
-0.040924,0.033570,1.544015,0.305401
-0.012036,0.032461,1.443971,0.298692
-0.006116,0.034064,1.299759,0.315848
0.028488,0.033049,0.916737,0.306000
0.015179,0.033643,1.078136,0.307404
-0.017741,0.032611,1.452207,0.302174
-0.031775,0.032256,1.312130,0.295914
0.043120,0.033570,1.123294,0.309600
0.049963,0.032984,1.249477,0.306970
-0.060641,0.033160,1.468787,0.303160
0.041180,0.032864,1.228016,0.300719
0.045511,0.033675,1.439849,0.307498
-0.000194,0.033794,0.919296,0.306735
-0.023605,0.034592,1.545412,0.327477
0.112939,0.033779,1.416589,0.310380
0.001058,0.033411,1.304318,0.309516
0.051361,0.033520,0.826714,0.309091
-0.026370,0.033295,0.676719,0.307587
-0.009450,0.034292,0.997927,0.312987
-0.016215,0.033444,1.054016,0.306124
0.066528,0.032918,1.101498,0.300841
0.014756,0.032657,1.017182,0.301962
0.008411,0.034255,1.171911,0.314208
0.063280,0.033375,1.135153,0.306093
-0.021257,0.033537,1.050241,0.309531
-0.064815,0.033471,1.618090,0.310662
0.025675,0.032987,1.661971,0.305681
-0.014194,0.032960,1.345267,0.301834
-0.006998,0.034385,1.542142,0.313901
0.021304,0.033561,0.723428,0.307799
0.013516,0.033254,1.061862,0.304129
0.007883,0.033250,0.602955,0.307741
0.053416,0.034419,1.745033,0.318289
0.009196,0.033575,0.775713,0.309373
0.065784,0.033799,1.549193,0.311302
0.020803,0.032990,1.562757,0.307661
0.027469,0.032328,1.652608,0.297582
0.070043,0.032193,0.618805,0.299898
0.042354,0.034750,1.661660,0.319188
0.038280,0.033043,1.197318,0.302276
-0.010421,0.032742,1.256922,0.302602
0.010570,0.032869,1.099725,0.304084
-0.065904,0.033312,0.916480,0.307407
0.026186,0.033238,1.058266,0.309275
0.033427,0.033468,1.049194,0.309326
0.001122,0.033244,0.723005,0.305055
-0.022521,0.033119,0.806399,0.303336
0.033816,0.032149,0.688630,0.297451
0.007813,0.033436,1.249335,0.307877
0.024405,0.033653,0.893197,0.306207
-0.017149,0.033052,1.151717,0.304600
0.074158,0.033866,1.012815,0.310359
0.035727,0.033034,1.108674,0.305837
-0.043372,0.034402,1.369985,0.318302
-0.001674,0.032521,1.325563,0.297677
-0.001874,0.034095,1.676889,0.315642
0.056474,0.034475,1.499133,0.319843
0.007704,0.033063,1.676700,0.307219
0.057546,0.033993,1.145825,0.310440
0.003775,0.033397,1.073710,0.306350
0.033745,0.032900,0.985660,0.298713
0.043534,0.033627,0.881187,0.306599
0.037836,0.033412,1.315258,0.310128
0.002231,0.032847,1.388137,0.304337
-0.004835,0.032461,0.868402,0.298217
0.010741,0.033697,0.713709,0.306365
0.010289,0.033961,1.609569,0.313410
-0.053539,0.032421,1.212882,0.303226
0.077028,0.033173,1.432631,0.302615
0.004856,0.035126,0.934633,0.320350
0.032708,0.032364,1.380010,0.296820
-0.003565,0.031687,1.435469,0.294938
-0.006444,0.032539,0.317816,0.297874
0.054084,0.033241,1.450480,0.308578
0.022980,0.032530,1.425902,0.298423
0.010755,0.031721,1.361973,0.292532
0.043485,0.033342,1.399764,0.305321
0.009861,0.031574,0.657919,0.290675
0.017549,0.032020,1.130492,0.297862
-0.053565,0.033261,0.938067,0.305528
-0.021142,0.032844,1.226055,0.306908
0.004391,0.034722,1.873772,0.318709
0.005174,0.033966,0.979236,0.312589
-0.041316,0.033565,1.465017,0.311466
0.017475,0.032486,1.000603,0.299109
0.009921,0.033707,1.220745,0.311662
-0.007015,0.032838,1.205326,0.301836
0.038074,0.032876,1.514038,0.302329
-0.048073,0.032307,1.375394,0.298808
0.005485,0.033845,1.443245,0.310532
-0.011018,0.032576,1.170061,0.300806
0.019350,0.033385,0.695774,0.304861
0.008822,0.031158,1.325236,0.288462
0.013752,0.033872,1.233838,0.314286
-0.071180,0.035121,1.036991,0.325131
0.007502,0.033011,1.330788,0.302559
-0.038401,0.032715,0.626370,0.304193
0.035307,0.033527,1.120138,0.309973
0.021291,0.031151,0.961174,0.287076
0.019823,0.034073,1.006938,0.313878
-0.004217,0.034586,1.126974,0.317724
0.045607,0.032576,1.481103,0.299291
0.015016,0.031316,1.112147,0.292229
-0.024591,0.035432,1.411665,0.323647
0.042370,0.034155,1.139310,0.315328
0.022623,0.032982,1.024653,0.305609
-0.012357,0.033678,0.385829,0.311500
0.044357,0.033461,0.859130,0.308520
0.002351,0.032224,1.930253,0.295911
-0.036768,0.034489,0.738266,0.318427
-0.029231,0.033683,0.538870,0.308284
0.008560,0.032394,0.756273,0.298595
0.014836,0.034962,0.848327,0.322348
0.007793,0.033857,0.958922,0.311365
-0.026468,0.032275,1.022091,0.300029
0.010903,0.033183,1.584751,0.306159
0.010632,0.032666,1.378754,0.303620
0.002995,0.033530,1.861352,0.310570
-0.014378,0.033585,0.717386,0.310746
0.056168,0.033976,1.153289,0.315124
-0.011313,0.034569,1.401820,0.318789
0.015984,0.032582,1.836446,0.299262
0.050185,0.033303,1.202145,0.304659
0.015829,0.033120,1.722533,0.304402
0.029698,0.032532,1.465654,0.299774
0.018412,0.033238,0.988777,0.306570
0.019983,0.032834,1.417501,0.301160
-0.020955,0.033687,1.365329,0.311579
-0.003867,0.033209,1.275967,0.303207
0.018489,0.032225,1.086124,0.295961
-0.036920,0.034575,1.271637,0.320098
0.041351,0.032509,0.654116,0.298300
0.053487,0.032412,1.053970,0.298804
0.025154,0.032985,0.863979,0.300227
0.103101,0.033282,0.740335,0.306131
0.020101,0.033121,1.504973,0.308229
-0.076888,0.033117,1.117142,0.301571
-0.037496,0.032368,0.973269,0.297366
0.004386,0.033218,1.111627,0.305279
0.020104,0.032481,0.866868,0.296137
-0.015180,0.032826,1.206301,0.303767
-0.004858,0.033610,1.524720,0.309143
0.057647,0.033418,1.417783,0.310968
0.039905,0.033033,1.708994,0.303275
0.038960,0.033731,1.450772,0.311498
0.012474,0.032955,1.059840,0.302252
-0.020606,0.033237,1.860869,0.304045
0.001316,0.032376,1.338557,0.296297
-0.022586,0.033234,0.857833,0.305282
-0.069125,0.033434,1.135216,0.305113
0.040790,0.033498,1.100598,0.308129
0.016813,0.033057,1.408770,0.308420
0.004783,0.032380,1.230403,0.296512
0.051180,0.033664,1.464725,0.308234
0.029695,0.033586,1.472149,0.309915
0.023052,0.033881,1.265732,0.310521
0.002971,0.032940,0.860199,0.304172
0.013605,0.033662,1.298170,0.307324
0.008451,0.033091,1.142690,0.303675
0.000145,0.033083,1.452170,0.305300
-0.032175,0.033777,1.477952,0.311474
0.022282,0.033367,0.941537,0.308485
0.005130,0.033656,0.586856,0.310232
0.033936,0.032540,1.966927,0.298567
-0.005889,0.032916,1.186607,0.307754
-0.046027,0.033728,0.391534,0.310692
0.093418,0.034295,0.863941,0.317859
0.031325,0.032250,1.034312,0.296962
0.021888,0.033547,0.916505,0.311165
-0.009726,0.033174,1.428670,0.306693
-0.028734,0.032816,1.546421,0.299791
-0.022413,0.032533,1.264140,0.297422
0.000844,0.032769,1.050211,0.302412
0.018592,0.032589,1.213543,0.298424
0.019792,0.034381,1.045055,0.315060
0.042893,0.033156,1.007021,0.300710
0.039151,0.034926,1.019596,0.318564
-0.011220,0.033264,0.607790,0.305129
0.017677,0.033519,0.600195,0.307323
-0.000068,0.033227,0.863604,0.305166
0.007089,0.033107,0.819798,0.304401
-0.008446,0.033129,1.551954,0.309246
-0.016546,0.032303,1.285009,0.295642
-0.001970,0.032307,1.473342,0.300353
-0.033228,0.032695,1.555045,0.297185
-0.033693,0.033805,0.824969,0.310040
-0.042389,0.034333,1.382072,0.314330
0.009188,0.034271,0.603290,0.315632
-0.045137,0.032460,1.348286,0.300155
-0.005422,0.032391,1.362780,0.299212
-0.001276,0.031682,1.111301,0.293631
-0.039068,0.031865,1.399856,0.292120
-0.013999,0.033296,1.114147,0.306993
-0.004615,0.032287,0.923229,0.298635
-0.001819,0.032691,0.941425,0.299597
-0.010199,0.032713,1.236662,0.302115
0.033825,0.032158,1.523403,0.296849
0.010342,0.033482,1.200375,0.308795
0.073022,0.034461,1.560156,0.316719
0.007858,0.032309,0.882468,0.295710
-0.002465,0.033183,0.960501,0.305256
0.028547,0.033303,1.184826,0.307422
0.037028,0.032551,0.833227,0.295562
-0.038998,0.033852,1.371470,0.316019
-0.044837,0.032016,0.826241,0.295181
-0.010192,0.033218,1.937405,0.303173
0.039546,0.032867,1.186150,0.302578
-0.004139,0.033617,1.288186,0.311495
0.000995,0.033444,0.625126,0.306345
0.047044,0.033338,1.287538,0.310767
0.013387,0.034258,1.210082,0.321518
0.030928,0.034922,0.946815,0.320078
-0.022045,0.032158,0.699136,0.296328
0.057419,0.033979,0.899268,0.312717
0.029429,0.034152,1.123476,0.315253
0.033749,0.033831,1.122903,0.312073
-0.025780,0.032167,1.178074,0.297035
0.038693,0.034434,1.199591,0.315583
0.031348,0.033298,1.036600,0.305640
-0.008713,0.032257,1.430523,0.294471
0.011779,0.033927,0.712691,0.314162
-0.008114,0.033605,1.605534,0.308621
0.050576,0.033278,1.259126,0.307083
0.028493,0.033715,0.978263,0.308927
-0.023383,0.032365,1.269305,0.301471
0.017048,0.031841,1.304851,0.294583
-0.020107,0.033857,1.452908,0.314334
-0.036466,0.031844,1.165707,0.286536
0.015143,0.033711,1.811810,0.309982
0.025346,0.033858,0.464542,0.312065
0.071007,0.035389,1.533478,0.325600
0.052274,0.033679,1.304827,0.309290
-0.012239,0.033774,1.062472,0.314261
-0.023088,0.034138,1.190095,0.314207
0.012232,0.033441,1.303608,0.308232
0.086535,0.032905,1.346105,0.301431
-0.015235,0.034697,1.304011,0.319418
-0.003663,0.032921,1.724072,0.302445
0.049681,0.032345,1.117605,0.293955
-0.000782,0.033265,0.788404,0.302165
0.010175,0.033395,1.378515,0.308910
0.041849,0.032710,0.587589,0.297815
0.057191,0.034490,1.228037,0.316207
0.011795,0.032425,1.118020,0.301782
-0.047409,0.033171,0.754217,0.307463
0.025565,0.032829,0.972798,0.300485
0.054136,0.033465,1.010782,0.310239
-0.017960,0.032626,1.182024,0.300753
-0.041324,0.033453,1.241941,0.306495
0.033886,0.033032,0.790164,0.301728
-0.001041,0.032681,1.410699,0.302242
0.063514,0.033936,1.078644,0.310199
0.066278,0.033278,1.222089,0.303255
0.007907,0.033754,0.928478,0.310467
0.055014,0.033266,0.839954,0.306408
0.004016,0.032969,1.584125,0.304530
-0.016358,0.032907,0.859065,0.299571
-0.001660,0.034339,0.912620,0.316292
-0.030773,0.033134,1.172292,0.304565
0.020354,0.032775,1.037711,0.305203
-0.006177,0.032978,0.776708,0.303779
0.068612,0.033021,1.321472,0.299803
0.033950,0.031792,1.365546,0.292246
0.009826,0.034338,2.151917,0.317825
0.084636,0.034253,0.630192,0.313994
0.062744,0.032824,1.206216,0.302219
0.049603,0.034323,0.983882,0.315307
0.024204,0.032778,1.426357,0.297436
0.037790,0.033280,0.722440,0.301503
-0.010996,0.032873,1.015138,0.303036
0.044020,0.033837,1.311480,0.312414
0.053568,0.032689,1.448708,0.301795
-0.022230,0.032906,1.522957,0.300470
-0.061830,0.033183,0.907415,0.304932
-0.003945,0.031433,1.298888,0.292750
-0.006529,0.033955,1.449080,0.313138
0.017644,0.033229,1.844334,0.303426
-0.025024,0.033169,1.716624,0.306960
0.026349,0.033017,1.326757,0.305192
0.055563,0.033335,0.723091,0.307553
0.011142,0.032855,0.578546,0.303229
-0.028351,0.034353,1.572840,0.317954
0.009584,0.032911,1.179177,0.301947
-0.023405,0.033605,1.570604,0.308874
-0.026944,0.032901,1.347329,0.305560
0.015829,0.035366,0.929664,0.322264
0.039589,0.032628,1.360528,0.302418
-0.000271,0.032785,1.238051,0.305603
0.008244,0.033369,1.473973,0.309543
-0.015749,0.033737,1.415945,0.312687
0.047203,0.033876,1.310958,0.311426
-0.010034,0.032618,1.740407,0.298212
-0.009665,0.033143,0.988643,0.304742
0.006171,0.031663,0.804351,0.294670
0.007862,0.033314,1.016182,0.304935
0.064030,0.033054,0.684903,0.306864
-0.001009,0.032461,1.271305,0.298387
0.030874,0.033962,1.324894,0.313729
-0.013850,0.033338,0.962903,0.307443
0.000779,0.031614,1.232514,0.293857
0.019633,0.033087,1.771549,0.304128
0.015587,0.032297,0.531191,0.296266
0.013608,0.034494,1.599349,0.317310
0.006950,0.033427,0.771774,0.311454
-0.019797,0.033184,1.608989,0.305930
0.024759,0.031972,1.541959,0.295233
0.001596,0.032960,0.989179,0.301146
-0.010988,0.033502,1.979118,0.307839
-0.005842,0.032706,1.717327,0.304306
0.033583,0.032916,1.118023,0.304182
-0.009864,0.031898,1.305934,0.294709
-0.021412,0.032456,1.059861,0.297326
0.009047,0.033394,1.407918,0.307093
-0.022479,0.033351,1.317895,0.308554
0.033717,0.034487,1.690641,0.318742
0.054110,0.033580,1.156650,0.308377
0.068912,0.031597,1.456645,0.290869
0.031296,0.033653,0.871749,0.309839
0.029312,0.034294,1.688634,0.317290
0.004818,0.032431,1.221274,0.299947
-0.008045,0.031857,1.597304,0.295826
0.008094,0.033407,1.987442,0.307817
-0.003906,0.032773,1.397128,0.304729
-0.022046,0.032256,1.342447,0.296150
0.020571,0.033525,0.711432,0.310216
0.003577,0.033039,1.814806,0.303693
0.045230,0.032763,1.447975,0.307161
0.011193,0.034216,1.450999,0.313696
0.002935,0.033159,0.663258,0.303006
0.031592,0.034460,1.507090,0.315567
0.048995,0.033818,1.125638,0.310819
0.017756,0.033122,1.326691,0.306225
-0.042385,0.031845,1.110677,0.292798
0.024946,0.034238,1.739395,0.317103
0.074932,0.033540,1.209393,0.307468
-0.001732,0.033672,0.806888,0.309218
-0.015441,0.034681,1.054855,0.315782
0.022655,0.033180,1.433250,0.304798
-0.012376,0.033138,0.830311,0.307566
0.013399,0.031503,1.508759,0.290630
0.000386,0.033451,1.499362,0.305617
-0.023030,0.033721,0.603621,0.310185
-0.042323,0.032446,1.119880,0.298598
-0.011128,0.032319,1.378685,0.300828
-0.049896,0.033779,0.696301,0.311748
-0.005896,0.034544,1.087008,0.320699
0.020817,0.032631,0.953127,0.301454
0.040868,0.032872,0.811323,0.302251
0.003228,0.033252,0.656526,0.306241
0.005398,0.034462,1.759431,0.320036
-0.011033,0.033658,1.253823,0.308964
-0.012840,0.032540,0.877750,0.297309
0.062821,0.032341,1.409205,0.297633
0.036227,0.033214,1.708947,0.306007
0.001188,0.033627,1.119169,0.311780
0.068777,0.033689,1.163152,0.310726
-0.011981,0.033180,1.015648,0.308085
0.082599,0.033647,1.623439,0.311006
0.024145,0.031481,1.314043,0.290414
0.006709,0.033615,1.326272,0.312507
0.044882,0.033890,1.096608,0.308194
0.039847,0.033831,0.878707,0.309452
-0.063332,0.034472,0.799574,0.315738
-0.037860,0.033679,1.461526,0.314583
-0.020687,0.032741,1.783127,0.301381
0.001382,0.035007,1.135843,0.324358
0.028669,0.032856,1.046654,0.305108
-0.029622,0.033297,1.169168,0.304527
0.054113,0.032970,0.513606,0.299966
0.059806,0.033974,1.231298,0.314541
-0.050993,0.032211,1.252242,0.293095
0.069796,0.033343,1.435859,0.308958
