-0.001009,0.040286,0.892717,0.927274
0.020745,0.035888,0.498019,0.829411
0.048848,0.041509,3.185532,0.974922
0.034787,0.041888,1.386433,0.966307
-0.026148,0.037727,1.949595,0.878157
0.045733,0.04733,3.157417,1.083651
-0.103707,0.042059,3.483189,0.966265
-0.105937,0.042599,0.213453,0.980754
-0.015446,0.039431,1.328784,0.899585
0.011014,0.039295,-0.033263,0.905804
0.058184,0.038442,0.70111,0.878685
-0.003897,0.04201,-1.58699,0.964485
0.006583,0.039601,2.120912,0.911283
0.049538,0.03963,1.840413,0.918025
0.014527,0.039466,1.027793,0.905494
0.081709,0.039059,2.558229,0.900694
-0.007093,0.039215,0.427724,0.901573
0.079574,0.04355,2.114606,0.9905
-0.073045,0.044563,0.265799,1.019798
0.034981,0.040277,2.710601,0.935357
-0.00653,0.043798,2.514785,1.022256
0.074637,0.043657,2.790867,1.005263
-0.01746,0.045695,0.529601,1.045725
0.005611,0.044685,1.953643,1.031661
0.013387,0.046531,2.467014,1.065889
0.007381,0.039954,1.439968,0.903833
-0.018642,0.040751,0.355252,0.931089
0.00769,0.041553,0.998891,0.96169
0.037771,0.042417,0.287306,0.970439
-0.02282,0.044442,0.801158,1.02081
0.060731,0.041245,2.323365,0.953766
-0.052971,0.040186,2.566244,0.928263
0.060485,0.038362,1.457414,0.873245
-0.024637,0.039399,1.749161,0.906234
-0.032256,0.04093,0.547837,0.950446
0.009321,0.039242,1.709095,0.895342
0.013188,0.046152,0.575201,1.065097
-0.03475,0.037629,1.855337,0.869734
-0.108711,0.036948,1.706013,0.843522
0.03701,0.035884,1.221197,0.829881
-0.029292,0.045785,0.63412,1.070446
-0.05818,0.041102,-0.314468,0.933914
-0.00211,0.038056,0.908237,0.878961
0.032029,0.043901,1.076089,1.004695
-0.000623,0.040177,0.555712,0.925273
0.036624,0.043807,0.479355,1.019307
-0.076345,0.041299,1.42724,0.944991
-0.038008,0.046568,1.599532,1.07876
0.019916,0.04783,0.985442,1.100792
0.047104,0.044417,0.618311,1.034983
-0.002116,0.040155,0.038206,0.922246
0.019727,0.042725,3.00964,0.987374
0.0049,0.044434,1.314631,1.027284
0.021131,0.042968,0.777732,0.989727
0.002224,0.040168,1.255824,0.917083
0.026268,0.036322,1.012987,0.842083
-0.058792,0.042013,1.673221,0.964898
0.045165,0.042778,1.256321,0.985943
0.015436,0.047991,0.326654,1.100613
-0.008285,0.040006,1.205137,0.920053
-0.021325,0.036892,1.359785,0.843774
-0.016737,0.038697,2.288023,0.885333
-0.011169,0.036257,2.12323,0.846409
-0.00774,0.045927,1.544238,1.044336
0.008841,0.043948,3.184845,1.008767
-0.006568,0.039979,0.989129,0.928512
0.077364,0.044273,3.766578,1.032736
0.018527,0.040979,0.808452,0.949593
-0.036311,0.042981,0.473622,0.988792
-0.007543,0.04684,0.619917,1.074559
-0.006084,0.045871,0.46391,1.057624
0.026541,0.04462,1.536959,1.021592
0.002126,0.04266,0.660461,0.978667
0.015048,0.038153,-0.275826,0.889845
-0.086357,0.0428,2.107291,0.980212
-0.030487,0.038112,0.892967,0.873063
0.017833,0.039575,2.287744,0.913284
-0.015442,0.04536,2.286592,1.03595
-0.026296,0.04164,2.728684,0.955778
-0.017212,0.03896,1.088946,0.902148
-0.103917,0.040898,2.760652,0.93341
0.01224,0.037568,1.474694,0.852299
0.034929,0.04401,0.042408,0.997611
-0.030737,0.042984,0.157168,0.975663
-0.017565,0.039063,0.813546,0.900757
-0.040305,0.037365,0.402282,0.864679
0.018487,0.03796,0.750387,0.872139
-0.00051,0.039459,1.600879,0.90012
0.028091,0.041179,2.148772,0.958447
-0.021786,0.043182,2.818334,0.985143
-0.043865,0.041768,0.39741,0.947794
0.020486,0.044613,1.068495,1.025424
-0.000771,0.040227,1.710834,0.929115
0.03073,0.044237,2.362127,1.008279
-0.020151,0.045783,3.110736,1.05206
0.039672,0.038758,1.801993,0.893104
-0.036426,0.044773,0.78876,1.027122
-0.055666,0.03927,1.409746,0.895082
-0.007739,0.036746,3.145707,0.842799
0.05917,0.044172,0.012701,1.016491
0.017157,0.043335,2.173993,1.000437
-0.018373,0.039386,1.43346,0.908832
-0.04096,0.03703,0.151937,0.852639
0.098446,0.039662,1.313167,0.915523
-0.002924,0.044492,0.12707,1.019908
0.006777,0.041521,0.606283,0.960451
0.059722,0.038737,0.615795,0.89791
0.048168,0.0388,1.465376,0.891022
-0.059304,0.043745,0.020225,1.004048
0.009435,0.044111,1.935887,1.014743
-0.046179,0.043331,4.750137,1.000221
0.072751,0.042318,1.589917,0.974446
-0.040197,0.045405,1.102074,1.045219
-0.102096,0.041484,2.380755,0.947419
-0.01808,0.038278,-0.361485,0.882301
-0.022742,0.041788,2.125273,0.9562
-0.081048,0.041982,1.310428,0.969254
-0.028094,0.042626,1.72722,0.980945
-0.023175,0.038101,1.283674,0.87111
-0.062844,0.045136,1.342035,1.041316
-0.066629,0.044683,1.29416,1.028363
0.02593,0.039365,0.992498,0.901791
-0.005158,0.043642,1.228997,1.009476
-0.00828,0.043446,3.344932,1.000409
-0.036338,0.038038,0.991925,0.884377
0.062358,0.048262,-1.080898,1.114613
-0.058228,0.043106,1.166712,0.997877
0.035493,0.048939,0.853002,1.102434
0.002756,0.04248,1.040652,0.982914
0.037823,0.041348,2.081067,0.951256
0.028126,0.037186,1.029299,0.85107
0.06955,0.043322,1.817411,1.002194
0.037727,0.040882,1.030829,0.938138
0.015653,0.040237,0.351817,0.936122
0.096286,0.042868,0.776525,0.986
-0.004177,0.044749,0.164008,1.026158
-0.030625,0.042305,1.406724,0.96442
0.035744,0.045277,1.087189,1.047758
0.042373,0.04223,1.890462,0.963283
0.018665,0.043466,1.166514,1.002527
-0.040908,0.043725,0.885619,1.020734
-0.037952,0.044028,1.398542,1.020504
0.000374,0.044956,1.046601,1.039914
-0.055897,0.03959,3.176552,0.914371
0.04595,0.041385,0.516766,0.950794
0.011051,0.043332,0.364768,1.003823
0.016232,0.039274,3.13727,0.900745
0.053763,0.046652,0.61516,1.087413
0.043839,0.039947,0.215264,0.918324
-0.012473,0.041164,0.466723,0.955817
-0.056309,0.042081,2.126751,0.9651
0.027986,0.041827,1.758169,0.96725
0.040991,0.034526,1.046457,0.795403
0.074736,0.044419,0.382658,1.013548
-0.004473,0.042026,1.133641,0.989422
0.05124,0.038318,0.743963,0.886557
0.006741,0.043144,2.146251,0.992697
0.01287,0.045572,0.504513,1.045459
0.000961,0.037837,1.04776,0.877391
0.025091,0.038562,-0.929393,0.885986
-0.029936,0.038075,1.150674,0.877018
-0.037186,0.041966,-0.048133,0.974743
0.091351,0.03751,1.680872,0.864158
-0.045818,0.044059,1.082133,1.014684
-0.022575,0.039683,0.683662,0.907214
-0.041321,0.04022,1.570497,0.924676
-0.053034,0.046577,-0.03227,1.070786
-0.011927,0.037788,1.625219,0.863652
-0.013068,0.038812,2.177156,0.891739
0.11605,0.045883,1.558111,1.044409
0.051566,0.044617,1.416232,1.040336
0.026931,0.045586,1.381762,1.045765
0.041079,0.04292,-0.431892,0.984204
-0.0152,0.04289,1.695374,0.991584
0.052822,0.040992,1.726457,0.938364
0.00335,0.04005,0.25808,0.924063
-0.017839,0.038991,1.597695,0.894213
-0.091438,0.044701,1.70562,1.017796
-0.058522,0.046275,1.150306,1.045927
-0.00316,0.045037,1.258166,1.035517
0.013176,0.046985,0.901673,1.073274
-0.0374,0.045994,0.546364,1.062038
-0.018652,0.039128,-0.964528,0.899362
-0.029162,0.043268,1.521891,1.005471
0.018399,0.045227,0.454685,1.036001
0.077652,0.039084,1.978577,0.895366
-0.018782,0.040692,2.393338,0.94046
0.023038,0.041867,0.717193,0.969743
-0.047634,0.041186,0.470362,0.95425
-0.019282,0.047501,2.354736,1.102442
0.023039,0.044313,0.452175,1.023469
-0.00746,0.043456,1.089726,1.00301
-0.0159,0.039837,-0.821945,0.914224
-0.038377,0.041539,1.4689,0.950314
-0.045956,0.045695,1.980201,1.072569
0.005483,0.045973,0.581104,1.048174
0.026771,0.043286,0.427791,1.007472
-0.015155,0.039183,-0.674241,0.905462
0.156736,0.044029,0.829152,1.016399
-0.008278,0.045428,1.640431,1.050388
-0.006751,0.043169,2.857934,0.999198
0.059914,0.046253,2.017988,1.068938
0.044269,0.039738,0.338775,0.914796
0.106273,0.043162,0.80061,1.003345
0.042898,0.044282,2.311859,1.010527
-0.041726,0.043545,0.323773,1.000155
-0.069949,0.043584,0.58623,1.004598
-0.023261,0.047303,1.009844,1.095573
-0.043584,0.044737,0.898047,1.035869
-0.001604,0.040894,1.362942,0.947715
-0.031554,0.045285,0.315162,1.037289
-0.016988,0.038096,-0.806417,0.882675
0.039767,0.039718,-0.077814,0.91692
-0.006734,0.043142,1.574362,0.988124
0.034729,0.040396,2.089688,0.93427
0.060009,0.042121,1.974855,0.967516
0.001401,0.036964,3.381302,0.849886
0.000193,0.043141,0.206326,0.985392
0.075448,0.043759,3.265945,1.017893
0.034667,0.046872,0.103311,1.073046
-0.052249,0.039084,0.904972,0.89236
0.027565,0.042059,3.085679,0.965777
-0.007551,0.039401,0.809781,0.918578
-0.072576,0.043429,3.232873,1.002049
-0.003872,0.041508,3.302614,0.964814
0.015974,0.038145,3.815943,0.88132
-0.011647,0.038846,1.395798,0.887078
0.039731,0.043197,0.657466,1.000212
0.011793,0.037365,1.091729,0.861578
0.054002,0.04189,1.104156,0.955384
-0.098695,0.043808,-0.599054,1.008195
-0.025491,0.043088,0.943603,0.99691
-0.05181,0.038132,-0.238039,0.884667
0.033081,0.046218,0.989252,1.061494
0.038684,0.035642,0.29323,0.813733
-0.04329,0.043589,-0.29751,1.007271
-0.016655,0.040259,-0.405926,0.918274
0.032746,0.047189,2.069969,1.091667
0.029401,0.044128,-0.553052,1.021695
-0.01747,0.041484,-0.857593,0.95504
-0.017137,0.040198,0.035921,0.93826
-0.06884,0.046185,0.466802,1.062659
0.075526,0.040764,2.07619,0.941592
-0.061329,0.041834,0.667605,0.963561
-0.032239,0.037621,2.445228,0.876112
-0.018929,0.037795,1.838856,0.870493
-0.02785,0.040887,0.830528,0.930211
-0.017958,0.040993,1.047911,0.948242
-0.009185,0.042145,1.976357,0.96716
0.078122,0.041687,3.06989,0.944813
-0.015919,0.039025,1.507924,0.896567
-0.034829,0.042272,-0.209013,0.981402
0.030635,0.039304,1.395948,0.912407
-0.026944,0.041536,0.880849,0.965152
-0.025942,0.040118,-0.806442,0.919437
0.004901,0.047052,1.246138,1.081518
-0.005393,0.039978,0.085116,0.926902
-0.026012,0.045532,2.17632,1.059635
0.017244,0.044323,1.727383,1.019779
-0.052887,0.047997,1.052913,1.103352
0.035307,0.040396,1.952289,0.932284
-0.00957,0.044876,1.727322,1.037918
0.003002,0.043311,0.879139,1.004696
-0.019676,0.04472,1.215098,1.029488
0.048871,0.044123,0.205344,1.00989
0.054517,0.043821,0.803042,1.000543
0.031405,0.036066,-1.541446,0.832007
-0.009197,0.046275,1.269227,1.07874
-0.017076,0.0398,0.171649,0.920319
0.037463,0.043925,1.607013,1.013478
0.046323,0.046295,0.874622,1.070199
-0.016303,0.043068,-0.174508,0.990697
0.01951,0.044049,-1.109958,1.015735
-0.016842,0.040833,1.337089,0.954946
0.018057,0.044227,2.793236,1.017116
-0.051057,0.045802,2.509017,1.047942
-0.067638,0.045447,1.537549,1.05003
-0.056591,0.046453,1.999475,1.076869
-0.015195,0.046188,1.406831,1.065895
-0.076321,0.041453,1.737882,0.957408
-0.003085,0.044064,2.065632,1.016235
-0.009148,0.039963,-0.142504,0.916283
0.015818,0.042149,-0.180256,0.980032
0.006184,0.04362,0.831672,1.008718
-0.098441,0.037416,-0.280041,0.863459
0.005932,0.042629,0.112541,0.974495
-0.038029,0.03576,1.226933,0.817912
-0.079039,0.041171,0.648548,0.952316
0.018824,0.042808,1.910421,0.991059
0.022274,0.043421,0.939085,0.99895
0.048069,0.041491,2.82934,0.9543
0.018378,0.037676,0.340202,0.870138
-0.008723,0.037443,2.526731,0.859962
-0.007585,0.046413,1.642915,1.070767
0.002691,0.040228,1.771872,0.92339
0.005064,0.04025,3.771062,0.920251
-0.010769,0.04604,1.811017,1.052746
-0.012841,0.039526,2.412061,0.907117
0.00686,0.045299,2.737461,1.053951
-0.005684,0.042258,1.656145,0.975308
-0.062818,0.04045,0.160266,0.933039
0.025044,0.040912,2.136908,0.949163
-0.030651,0.037853,2.208923,0.862489
0.045173,0.041267,2.413055,0.949427
0.023593,0.044053,0.999122,1.011013
-0.03145,0.044907,1.759941,1.039416
-0.033269,0.044425,-0.125925,1.030675
-0.074144,0.041094,1.967344,0.959477
0.076171,0.044506,2.573048,1.022525
-0.007712,0.044858,3.05723,1.040814
-0.0109,0.042194,2.705758,0.963324
-0.006402,0.038197,0.295226,0.879807
0.041015,0.040616,1.625137,0.934133
0.041367,0.041716,1.788706,0.963392
0.048023,0.041159,0.649061,0.952979
-0.033041,0.043747,1.798479,0.996474
0.041209,0.039742,0.708308,0.914509
0.001056,0.042769,-1.05522,0.977611
-0.059765,0.043388,1.09707,0.991976
-0.04293,0.046109,3.792757,1.063027
0.018611,0.034708,1.933286,0.801389
0.014459,0.046644,0.77379,1.067167
-0.045538,0.043472,0.42288,0.998535
0.000233,0.039846,2.170525,0.91345
-0.018695,0.044037,2.500119,1.011293
0.043996,0.041132,1.254903,0.938004
0.035343,0.041502,0.840125,0.972704
0.020113,0.038413,1.126104,0.881153
0.032239,0.041782,0.482325,0.958116
0.000131,0.041353,1.808067,0.951186
-0.056534,0.038911,-0.199607,0.904893
-0.036464,0.040155,2.029463,0.926863
0.034269,0.04462,1.737486,1.034053
-0.038351,0.037492,1.167316,0.8616
-0.081003,0.042176,1.065397,0.965628
-0.037549,0.041046,-1.216758,0.952037
-0.034729,0.042582,2.121613,0.980268
-0.03473,0.043988,3.089323,1.016352
0.025776,0.043875,2.028416,1.026475
0.024445,0.040462,0.232848,0.948618
0.02871,0.040221,0.254176,0.932254
0.014711,0.040394,1.659087,0.917214
-0.043643,0.044614,0.611952,1.023321
-0.031243,0.042617,3.323961,0.986949
0.058234,0.039185,1.115916,0.892011
0.061521,0.040785,1.787847,0.938598
-0.032831,0.043772,1.179602,1.01762
0.026699,0.043351,1.188659,0.986692
-0.013538,0.039476,3.898027,0.907013
0.009455,0.037255,3.150583,0.855773
-0.00034,0.03479,0.639627,0.796277
-0.040436,0.039871,0.77328,0.916444
0.01512,0.044207,2.792734,1.022804
-0.065714,0.041532,1.097122,0.964486
-0.044546,0.042207,2.834571,0.97705
0.012386,0.043596,0.064744,1.005926
-0.006783,0.042583,1.637978,0.978531
-0.097899,0.04313,0.659377,1.002092
0.003233,0.035001,1.336288,0.810683
-0.058298,0.045859,1.111832,1.062032
0.069523,0.04145,0.915102,0.938833
-0.005936,0.037925,2.759285,0.869353
0.018639,0.043967,1.961557,1.012921
-0.023139,0.042274,3.420813,0.975418
0.013646,0.04505,3.73483,1.043176
-0.043325,0.041227,2.427557,0.949855
-0.070886,0.041379,1.092165,0.943629
-0.025945,0.046883,0.796153,1.078046
0.038046,0.037632,-0.336439,0.865447
0.014139,0.045434,-0.812097,1.04279
0.046099,0.042922,2.759583,0.990394
0.044948,0.040011,0.485725,0.917703
0.02752,0.041327,1.374902,0.96452
0.032778,0.042412,0.867043,0.97071
-0.005249,0.038854,1.492178,0.904314
0.022005,0.035841,0.463076,0.839367
0.012259,0.045297,2.235544,1.035087
0.029914,0.043385,1.845064,0.995575
-0.052808,0.043411,1.871207,1.010214
-0.006485,0.037253,0.583634,0.856006
0.013174,0.03947,1.664647,0.912698
0.032399,0.039873,2.031188,0.916489
0.068483,0.038119,1.615042,0.884367
-0.047795,0.043312,1.027524,1.014928
-0.020221,0.044671,2.120929,1.037588
-0.042745,0.042074,0.851132,0.966773
-0.014261,0.045242,1.383199,1.037006
0.056442,0.043625,1.408453,1.001581
0.019124,0.042538,2.405723,0.970217
0.005432,0.043782,1.140161,1.015442
-0.016116,0.04432,0.634778,1.011112
0.06745,0.04603,1.438984,1.050745
0.063973,0.041895,-0.489502,0.964035
0.005305,0.043325,0.070694,1.002292
-0.000215,0.046948,1.088557,1.080286
0.037159,0.044016,2.766534,1.016331
0.030433,0.047279,0.540994,1.096704
0.036912,0.042172,1.924265,0.973697
0.014571,0.04817,0.560397,1.110885
-0.005144,0.040123,2.726553,0.925646
0.036472,0.036253,2.161582,0.835849
-0.002818,0.040221,1.661065,0.930032
0.085274,0.042875,1.748242,0.993845
0.055339,0.043645,1.92059,1.000669
0.05561,0.045692,0.407696,1.053294
-0.086068,0.038016,0.201422,0.875203
-0.121388,0.038076,-1.839869,0.877762
-0.063265,0.04292,-0.382985,0.990495
-0.005945,0.040002,0.291855,0.925249
0.05357,0.048248,1.405775,1.102357
-0.060086,0.038533,0.555021,0.88437
0.066283,0.044507,1.369764,1.024565
0.025353,0.04305,1.610672,0.988336
-0.032662,0.039622,0.902377,0.914229
0.101815,0.039095,1.561742,0.902971
-0.013734,0.036169,0.865596,0.834531
-0.036193,0.036472,1.362502,0.824622
0.049533,0.042613,0.995115,0.991292
-0.073219,0.045483,0.919923,1.033263
0.056939,0.045257,0.897202,1.059764
-0.018398,0.041594,0.792073,0.973526
0.08533,0.045964,0.066041,1.043652
0.047817,0.045616,2.741656,1.057926
-0.080487,0.041532,2.378319,0.961457
-0.036527,0.042087,-0.376605,0.972576
0.028995,0.047293,1.766561,1.095729
0.023455,0.045362,2.07198,1.05229
0.034075,0.03741,0.694244,0.850485
-0.024241,0.045587,1.867087,1.042531
0.036694,0.042598,-0.194686,0.977981
0.03397,0.039516,0.652583,0.918771
-0.000738,0.041824,1.330583,0.960261
-0.002183,0.045385,1.86207,1.061713
0.014185,0.040832,0.419419,0.935443
0.010252,0.042542,2.035953,0.979115
0.057254,0.040982,0.403419,0.953548
-0.02573,0.038868,1.408314,0.888714
-0.020435,0.0428,1.903502,0.98033
0.000232,0.039298,-0.389687,0.901329
0.013275,0.0362,0.836322,0.837632
0.011784,0.039283,1.329232,0.89273
0.033186,0.042489,0.757634,0.973069
-0.006505,0.046722,0.231243,1.07322
-0.004038,0.044117,0.891564,1.016352
0.027981,0.04718,1.945171,1.085536
0.005015,0.037339,0.491231,0.852207
-0.039176,0.044454,0.631744,1.030984
-0.073911,0.041827,2.137467,0.957352
-0.025796,0.043115,1.290426,0.990973
-0.037922,0.040701,0.953974,0.944256
-0.015356,0.043514,0.269909,1.001772
0.022645,0.041595,0.647479,0.968439
0.049957,0.042158,1.827068,0.959747
0.082528,0.044714,2.008103,1.0334
-0.030784,0.044418,0.366803,1.022936
0.017417,0.040149,2.498036,0.921864
-0.00612,0.043795,1.509067,1.000303
0.002635,0.036014,1.509458,0.82585
0.059836,0.044707,1.518372,1.028565
-0.038713,0.036923,1.247504,0.851249
0.014135,0.04058,2.403566,0.947932
0.054382,0.042741,1.967413,0.990024
-0.018386,0.044123,2.070215,1.026624
-0.021728,0.041403,-0.086541,0.956691
-0.005332,0.047085,2.88798,1.085245
-0.000069,0.039333,2.376467,0.900005
-0.062749,0.043252,0.294103,0.991357
-0.021621,0.047549,1.09889,1.098006
-0.114721,0.043491,1.76681,1.007831
0.079609,0.03874,3.224065,0.904395
-0.02339,0.039219,-0.309565,0.906196
0.07079,0.044258,-0.688732,1.027335
0.010983,0.041533,-0.672671,0.959472
0.035174,0.041563,1.330758,0.967381
0.042728,0.038,-1.391938,0.874437
-0.07365,0.047374,2.084782,1.102043
0.068171,0.046949,1.33617,1.080228
-0.034175,0.040478,1.823975,0.930544
0.035171,0.040279,-0.566161,0.92283
0.022711,0.039582,0.877406,0.903814
0.03362,0.04082,0.558799,0.93168
0.010222,0.044738,1.598165,1.016567
0.017775,0.043714,1.121525,1.005781
-0.049219,0.041197,-0.85574,0.953161
0.06745,0.043096,2.604291,0.979051
0.014882,0.043201,2.709083,0.984816
-0.055825,0.044885,-0.377448,1.041115
-0.001372,0.04007,2.448632,0.912935
0.008386,0.043675,0.055667,1.005514
-0.030751,0.041267,1.681806,0.946338
-0.033271,0.041488,0.800732,0.949955
-0.032545,0.042039,0.435827,0.967394
0.015546,0.040619,3.838802,0.934395
0.049071,0.041686,0.123061,0.964225
0.002611,0.045325,1.229243,1.045494
-0.025841,0.039428,1.395278,0.911231
-0.004538,0.037091,2.040972,0.861672
-0.03467,0.046557,0.945885,1.073387
-0.085889,0.038055,1.616682,0.871381
0.077583,0.043401,2.331568,1.003384
-0.050969,0.037729,0.519806,0.876203
-0.00162,0.035575,0.998084,0.824723
0.081568,0.046221,3.070589,1.068802
-0.00726,0.039815,1.361959,0.921019
0.015635,0.039207,0.499889,0.901711
-0.014399,0.041539,1.543623,0.956867
0.125739,0.043125,1.154846,0.990215
0.064634,0.039848,1.796135,0.91073
0.011622,0.039236,1.128824,0.907621
0.07299,0.042468,2.719973,0.974986
-0.053789,0.041197,2.787552,0.947255
-0.042289,0.044937,1.766689,1.030164
0.091862,0.041282,1.978,0.946183
0.045318,0.040303,1.381036,0.923467
0.057088,0.041904,1.608291,0.962425
-0.041261,0.04736,-0.455052,1.091398
-0.04191,0.042529,0.23597,0.979169
-0.040268,0.038521,1.082711,0.887433
-0.033966,0.038693,1.538033,0.890745
-0.014952,0.04407,-0.270182,1.021805
0.052535,0.042075,1.015124,0.967537
0.044416,0.035723,0.818391,0.823276
-0.014949,0.038779,1.747581,0.903237
0.10247,0.042255,1.911504,0.96694
0.010597,0.040191,2.628096,0.9287
0.004384,0.041211,0.311234,0.947362
-0.007212,0.038435,-0.271445,0.885289
0.036502,0.038176,1.266054,0.883357
-0.001835,0.040956,1.096124,0.949643
0.026258,0.039318,1.595007,0.901436
0.076846,0.04184,2.412594,0.952999
-0.01101,0.043289,2.123318,1.010055
0.014139,0.040365,0.59383,0.942317
-0.022316,0.043767,0.208778,1.009505
-0.046745,0.039392,0.470777,0.904712
0.018311,0.042368,1.152339,0.972847
0.036615,0.0421,1.44008,0.95703
0.009468,0.038516,2.052521,0.883523
-0.00525,0.041351,1.596944,0.953201
0.020825,0.043785,1.339816,1.021174
0.026546,0.044944,-0.525672,1.033329
-0.008592,0.03962,1.018413,0.913497
-0.042888,0.043219,1.909662,0.99452
-0.004994,0.043788,1.265512,1.014018
-0.076578,0.035476,1.313218,0.817606
-0.029396,0.044908,0.981404,1.035335
-0.067374,0.040173,0.045945,0.928221
0.035495,0.041947,1.607539,0.95199
0.050785,0.03583,1.722652,0.828171
0.033294,0.045225,2.867353,1.040161
-0.021972,0.038804,0.075929,0.88875
0.000818,0.047217,-1.73593,1.090967
-0.017319,0.041205,1.729428,0.938718
0.087115,0.042052,2.249034,0.970211
0.048904,0.045292,0.585211,1.038282
-0.07945,0.04459,1.885952,1.027931
0.012754,0.043088,2.991111,1.015364
-0.007679,0.042585,-0.621743,0.98279
-0.020923,0.0424,0.250292,0.980347
0.001288,0.045427,2.114789,1.040608
0.063473,0.038605,0.779588,0.886044
0.062217,0.038134,0.003708,0.868059
0.041042,0.046488,-2.330283,1.06403
0.040424,0.038542,2.434854,0.883607
-0.018076,0.043964,1.778116,1.017964
0.009804,0.045946,-0.741562,1.049468
-0.022911,0.043004,1.360178,0.995931
0.02686,0.044302,1.161384,1.045447
-0.121529,0.037619,2.411067,0.863122
0.013538,0.0431,0.363026,0.986518
-0.033766,0.041922,0.836106,0.974981
0.002093,0.038151,-0.051313,0.8854
-0.069837,0.037198,0.829918,0.848137
-0.01262,0.043473,-0.028577,0.992136
-0.036873,0.045872,2.209478,1.07603
0.130562,0.045323,-0.087867,1.039907
-0.003135,0.045771,1.229258,1.061651
-0.030205,0.044854,1.423684,1.033041
0.054261,0.040597,-0.075714,0.931043
0.005243,0.040193,1.159797,0.927287
-0.020082,0.038756,2.504128,0.883026
0.018868,0.045844,0.133197,1.058015
0.026529,0.042045,2.153395,0.971563
0.051238,0.044214,2.880969,1.01857
-0.034356,0.038651,1.684256,0.889955
0.035299,0.03616,0.434534,0.833644
0.005803,0.039938,1.419128,0.921582
-0.042365,0.042477,1.067245,0.968934
0.036233,0.040941,2.616641,0.937304
-0.017246,0.039857,-0.497479,0.911986
0.078684,0.044256,-0.023853,1.023697
-0.029407,0.046727,0.652095,1.076719
-0.000475,0.04321,2.813547,0.993933
0.008117,0.047481,-0.193205,1.097017
-0.051664,0.037429,1.381174,0.867793
-0.021948,0.042951,1.104076,0.991051
-0.019678,0.04105,1.186696,0.936557
0.017326,0.041146,1.018082,0.94872
-0.012529,0.043574,2.715991,1.013231
0.008526,0.041595,0.726982,0.949752
0.014324,0.042534,0.17688,0.986375
-0.142646,0.04254,0.193511,0.976705
-0.106861,0.046025,0.503009,1.060323
-0.044435,0.038471,1.172929,0.894996
-0.036163,0.043786,-0.821918,1.002748
-0.036583,0.04454,0.969466,1.027888
-0.04567,0.039833,1.486092,0.915063
0.042573,0.043715,1.344255,1.016388
0.113345,0.039937,1.711474,0.923179
0.104558,0.04049,0.97502,0.942972
-0.030898,0.042879,1.605296,0.983623
0.023157,0.040068,2.678487,0.924699
0.023485,0.039979,0.113314,0.923446
-0.059898,0.044009,1.111964,1.005555
-0.04009,0.040019,1.171768,0.919161
0.05998,0.041855,-0.915489,0.969032
0.034931,0.038035,-1.241766,0.880481
-0.002,0.044492,2.127504,1.022666
0.057186,0.041061,0.519835,0.941515
-0.004427,0.039585,0.806239,0.92577
-0.043219,0.043823,2.776923,1.017367
0.013912,0.042521,1.601714,0.986344
-0.034002,0.039349,1.106239,0.90916
0.031893,0.045332,0.500903,1.047494
0.030945,0.037662,1.445705,0.876711
0.046671,0.04064,2.111949,0.934445
0.012207,0.039626,-0.336219,0.924083
0.03985,0.039529,1.824937,0.913649
0.061546,0.038416,1.928464,0.87517
0.038809,0.042496,1.242677,0.978257
0.024033,0.046632,2.471577,1.077249
-0.008149,0.037606,0.292759,0.863703
0.042993,0.044908,1.095834,1.032307
0.032351,0.04216,1.636123,0.977486
-0.080802,0.039628,1.337591,0.919894
-0.012527,0.043985,1.745674,1.016898
-0.037917,0.045505,1.361487,1.061256
-0.036683,0.03538,3.052427,0.82354
-0.009197,0.042917,1.883711,0.996924
-0.034117,0.045537,1.115787,1.046717
0.019549,0.04487,1.943091,1.034003
-0.054324,0.045308,3.230884,1.036049
0.032183,0.045948,1.251228,1.054381
-0.012625,0.037356,1.135731,0.86692
0.022867,0.041992,-0.173853,0.957192
-0.015184,0.044524,0.976203,1.021274
0.000212,0.041063,0.870342,0.960039
0.040572,0.043147,3.046977,1.007718
-0.063941,0.047035,2.32823,1.081682
0.021498,0.038965,2.478916,0.894352
-0.040755,0.038581,1.688514,0.89397
0.01935,0.043988,1.157135,1.021137
0.028068,0.043645,2.009302,1.001109
-0.001525,0.038809,0.891082,0.899438
-0.06131,0.038712,1.381728,0.898268
0.016875,0.040849,2.064199,0.942327
-0.007483,0.036782,1.763148,0.850893
-0.064183,0.041853,0.582059,0.964922
-0.112475,0.043561,-1.392761,1.00831
-0.006384,0.038984,2.753007,0.899681
0.08946,0.040298,1.145921,0.914859
-0.029168,0.039139,2.331538,0.885834
0.020794,0.037859,2.711178,0.865381
-0.040425,0.046839,-0.272251,1.081345
0.01477,0.042777,0.374499,0.990878
0.080097,0.047427,0.235686,1.096122
0.020789,0.041922,2.30724,0.965346
-0.055534,0.036702,0.729926,0.844995
0.037459,0.040883,2.296294,0.932052
-0.013709,0.044312,1.913073,1.016988
-0.037633,0.041826,1.744774,0.961269
0.047759,0.044338,0.367984,1.017584
0.008413,0.044475,1.835839,1.031271
-0.117369,0.044012,1.176857,1.019151
0.063347,0.041891,1.278508,0.966171
-0.05272,0.03586,1.641378,0.832219
0.014214,0.043275,3.402917,0.991143
0.012648,0.045187,1.707246,1.039956
0.04364,0.04657,2.781271,1.06925
0.040725,0.041017,1.802093,0.939538
-0.04554,0.038953,1.127034,0.901334
-0.034982,0.039007,-0.131688,0.897989
-0.057339,0.049255,1.563532,1.123828
0.008337,0.043236,1.176658,0.991858
0.032259,0.044398,-0.049352,1.020341
0.033691,0.036967,1.584004,0.859166
-0.052373,0.044837,0.720711,1.018665
0.085182,0.042372,0.151491,0.983328
-0.036894,0.043414,1.549937,1.002938
-0.094848,0.037893,1.223354,0.874101
0.017704,0.044708,0.895058,1.053073
0.066853,0.043222,2.001604,1.001204
-0.035334,0.042296,2.728269,0.977715
0.035866,0.045367,0.175476,1.047868
-0.006173,0.044124,1.399312,1.016518
-0.061463,0.040035,0.090806,0.92449
0.034272,0.044139,0.506854,1.015147
0.046024,0.040334,3.3195,0.929626
-0.021227,0.045128,1.185751,1.032945
0.006655,0.038473,2.051168,0.88302
-0.001064,0.040455,2.118263,0.925754
-0.076254,0.042948,0.645542,0.986595
-0.020945,0.039553,1.924803,0.907088
-0.014518,0.039588,1.756953,0.910285
0.039835,0.039554,0.840237,0.909093
-0.07558,0.044803,2.593404,1.0407
0.058983,0.042581,2.11988,0.978671
-0.020846,0.035113,-0.73361,0.801252
-0.034178,0.039165,-0.572627,0.90022
0.003989,0.04419,1.220907,1.009019
0.101235,0.045118,0.855167,1.046987
0.064023,0.039325,1.666772,0.90525
-0.018227,0.043503,-0.345229,1.01796
-0.00965,0.044703,0.239524,1.027455
-0.044199,0.044947,0.028012,1.036448
0.029321,0.041349,1.001379,0.953913
0.031604,0.040414,1.49765,0.922361
0.056129,0.045458,0.55442,1.042687
-0.017489,0.044563,0.693035,1.01944
-0.05544,0.047133,-0.816412,1.07892
0.03383,0.040371,-0.602327,0.923294
-0.041443,0.04229,1.368956,0.97289
0.023633,0.042295,1.312448,0.973553
-0.041073,0.039132,0.614036,0.90348
-0.009988,0.04393,2.102041,1.013414
-0.071912,0.041325,0.21084,0.966628
0.021564,0.035269,2.722336,0.80714
-0.061957,0.041604,1.084298,0.96086
-0.06378,0.039422,0.168534,0.911446
0.062519,0.044041,2.673106,1.00571
-0.000923,0.043048,0.778365,0.993088
-0.0407,0.039077,0.321529,0.901282
0.019726,0.048626,1.860754,1.128175
0.017156,0.045462,0.240999,1.054161
0.058404,0.03843,0.678614,0.880477
0.056114,0.045648,0.510198,1.052876
0.037568,0.039435,1.74832,0.907051
-0.070315,0.042797,2.100641,0.985852
0.092811,0.043613,1.957232,1.018259
0.014298,0.040924,1.503786,0.94304
0.014076,0.045761,1.341047,1.045911
0.023736,0.036006,0.491849,0.832319
0.07489,0.043796,0.858523,0.998132
0.040609,0.040191,1.946113,0.936134
0.031383,0.037466,0.054128,0.859383
-0.039522,0.04337,1.423081,1.005507
0.016104,0.032372,1.649693,0.746186
0.038823,0.040418,0.187837,0.925353
-0.052297,0.045461,1.543743,1.051925
-0.037752,0.042599,0.11611,0.987875
0.03288,0.037778,1.081457,0.881759
-0.076944,0.047195,2.643909,1.085441
0.012359,0.039483,0.210236,0.908696
0.038496,0.038994,1.032961,0.898735
-0.005309,0.043187,-0.056556,0.999051
0.034583,0.043646,0.934379,1.004506
0.001828,0.040041,3.649083,0.929175
-0.013978,0.039363,0.746544,0.905599
-0.018751,0.040653,0.028069,0.931444
-0.007341,0.038484,0.190995,0.891366
0.021526,0.043409,0.824307,1.007381
0.001691,0.039213,1.244883,0.897371
0.025705,0.040622,1.020202,0.931226
0.054706,0.040123,0.411862,0.917077
-0.09167,0.041384,-1.383912,0.96171
-0.027519,0.043879,0.24725,1.019819
-0.006501,0.037046,0.716426,0.840168
-0.013013,0.042296,1.046753,0.973734
-0.039199,0.041335,1.074278,0.943432
-0.015775,0.041695,1.680513,0.960384
0.011863,0.041705,-0.545562,0.955601
0.002396,0.038483,2.202616,0.883145
0.001441,0.040519,2.071599,0.949267
-0.025223,0.042741,1.569308,0.989881
0.059947,0.044094,-0.255653,1.011608
-0.077817,0.043321,1.610994,0.986162
0.037498,0.038121,1.126517,0.871669
0.01282,0.0449,0.357815,1.037145
-0.03317,0.039573,-0.16074,0.916342
0.07611,0.042473,1.790662,0.970523
-0.000709,0.045178,-0.895123,1.038481
-0.024364,0.040362,2.395457,0.919806
0.059156,0.045932,0.215169,1.05689
-0.007753,0.044167,-0.070816,1.011856
0.023209,0.041897,1.100805,0.94874
-0.007934,0.042713,0.035875,0.980923
0.015571,0.04083,1.574651,0.925222
-0.058356,0.04493,1.346845,1.038337
-0.051002,0.044457,3.571021,1.021044
0.052072,0.042014,1.883815,0.963021
-0.038933,0.039372,2.360789,0.906508
0.015367,0.039779,2.840627,0.915969
0.030511,0.045164,1.684153,1.032294
0.100927,0.043189,3.570582,0.996348
-0.008288,0.040583,0.211879,0.929732
0.022473,0.043375,1.170963,0.998588
0.020265,0.042614,1.151676,0.974514
-0.035638,0.035821,0.890509,0.815249
0.070893,0.039636,0.58891,0.902843
0.005361,0.043334,-0.216905,0.991409
-0.031646,0.038809,-0.699755,0.89894
-0.02543,0.040368,-0.212399,0.931791
-0.032782,0.043596,1.7386,0.996051
0.002512,0.044447,2.394472,1.024696
-0.037567,0.043474,0.768854,1.011422
0.079376,0.043096,1.257375,0.992218
0.064933,0.039375,4.100896,0.901366
0.020756,0.039089,1.947334,0.896624
-0.023705,0.039482,1.025404,0.902182
-0.003333,0.045438,0.063306,1.048694
0.041119,0.038353,2.691221,0.876868
0.06444,0.044156,1.607843,1.01922
-0.033405,0.04375,-1.126878,1.007637
-0.017472,0.044318,0.900666,1.007127
-0.128982,0.04591,2.694052,1.062883
0.000703,0.043672,1.216063,1.014011
-0.035115,0.044598,1.299338,1.032561
0.077448,0.044986,2.126474,1.038382
0.003043,0.046858,1.161151,1.068332
-0.006954,0.046141,2.829392,1.064055
0.032529,0.03644,1.147354,0.841262
0.069055,0.040215,1.312641,0.92873
0.04776,0.04485,2.471193,1.033916
0.052491,0.042961,1.377144,0.999274
-0.068273,0.039044,0.459259,0.903038
-0.019383,0.037593,0.380907,0.870363
0.062797,0.04098,1.72067,0.94221
-0.075446,0.044386,0.635794,1.021904
0.04113,0.040826,1.724467,0.93024
-0.053628,0.042641,0.146116,0.992554
-0.043294,0.043741,-0.429438,0.995763
0.015995,0.043784,1.562319,1.000552
0.002257,0.042515,3.072664,0.985572
-0.028828,0.044929,2.981588,1.041095
-0.022966,0.047573,0.869561,1.09856
0.018443,0.037568,2.461651,0.865957
0.04986,0.041488,1.255116,0.966097
0.006791,0.045339,1.573292,1.044284
-0.006038,0.042455,0.321203,0.987215
0.041461,0.041511,1.355926,0.953883
0.013744,0.040624,1.66762,0.949877
0.109908,0.045307,4.61965,1.055156
0.083629,0.038824,2.251348,0.899352
-0.011232,0.040046,0.568015,0.934926
-0.025349,0.043185,4.219606,0.999656
0.010619,0.039743,0.438885,0.907646
-0.070344,0.043398,-0.014243,1.008258
-0.02286,0.037793,2.921528,0.86857
0.023109,0.041457,0.429477,0.954445
0.000983,0.044219,0.151788,1.011936
-0.021741,0.044686,1.416155,1.037458
-0.057012,0.043674,0.98862,1.005619
-0.038553,0.037906,1.793261,0.870808
-0.017499,0.039431,-0.085422,0.900211
-0.009032,0.04335,0.579704,0.999636
-0.022218,0.044091,2.659533,1.014248
-0.100116,0.044601,0.673299,1.032293
0.035509,0.043351,0.249464,1.009615
-0.005317,0.040379,1.17507,0.935891
0.003232,0.038489,0.700929,0.885923
0.022665,0.036378,1.088607,0.834661
0.052082,0.040295,1.245214,0.934193
-0.010759,0.046994,0.997164,1.095306
0.021004,0.040678,-0.117534,0.925273
-0.034091,0.044583,2.025869,1.023353
0.017204,0.039496,2.273419,0.922516
0.027195,0.042769,0.567464,0.983776
-0.017275,0.037986,1.292652,0.871183
0.075108,0.046095,1.772976,1.05268
0.018376,0.045636,0.956694,1.042139
0.005039,0.039329,1.220376,0.897575
-0.034847,0.042062,1.299937,0.967194
0.009428,0.044549,-0.1961,1.036189
0.038146,0.042034,0.336375,0.967668
0.011839,0.041299,0.575536,0.949811
-0.026636,0.042253,0.398962,0.973635
-0.039019,0.040985,0.970221,0.939962
0.006248,0.041818,0.921949,0.95684
-0.040671,0.038644,2.041516,0.902318
-0.018488,0.042279,1.505997,0.969163
0.035365,0.041512,1.738147,0.949744
0.04454,0.041491,0.923323,0.950607
0.015478,0.040169,1.516912,0.922192
-0.040862,0.043932,2.309821,1.011262
0.058855,0.045523,2.627081,1.053376
0.053207,0.042303,0.711099,0.966242
-0.027857,0.041279,0.904468,0.957722
-0.022975,0.041609,2.204491,0.950748
-0.056996,0.041763,1.820848,0.953032
0.119654,0.046188,-0.392279,1.060652
0.011121,0.042766,0.155936,0.984431
-0.005069,0.040202,1.50366,0.914352
-0.01906,0.043455,0.738185,1.005994
0.033085,0.039667,0.133185,0.907856
-0.04142,0.037442,2.88824,0.855185
-0.105924,0.038839,2.264335,0.894001
-0.01755,0.040865,-0.390224,0.927604
-0.056392,0.04551,2.779853,1.039174
-0.020445,0.043848,0.725615,1.009593
-0.011617,0.041007,0.739696,0.931368
0.020432,0.041071,2.048012,0.946098
-0.057563,0.045755,-0.261872,1.042775
0.022865,0.041037,0.711841,0.944088
-0.036715,0.042515,1.952154,0.978662
-0.02931,0.046696,-1.261464,1.083309
-0.007465,0.042706,0.260935,0.986961
0.04181,0.044986,2.189198,1.038611
0.003922,0.041521,1.354509,0.959512
-0.049084,0.041389,0.887564,0.954358
0.080634,0.046718,0.67617,1.076802
0.006632,0.044844,1.584627,1.030892
-0.009731,0.042675,0.862968,0.992046
0.01057,0.045851,0.068467,1.05526
-0.050935,0.045241,0.592643,1.038535
-0.026123,0.036531,2.352996,0.84466
-0.022288,0.03858,0.688755,0.885168
-0.029218,0.042615,0.462279,0.98902
0.090476,0.043585,2.179782,1.008027
-0.041154,0.041574,1.847081,0.955167
0.060579,0.042931,2.614014,0.977799
0.012248,0.042697,0.516019,0.990087
-0.005998,0.043093,0.852367,0.983483
0.017834,0.041329,2.533502,0.939084
0.033684,0.039935,0.382269,0.912132
0.021557,0.042138,1.897364,0.967953
-0.052022,0.042805,2.089848,0.992367
-0.058754,0.037805,0.491936,0.873968
-0.058151,0.044968,1.655759,1.032365
0.025428,0.044546,1.874647,1.027407
-0.037867,0.044845,0.204429,1.038973
0.029392,0.042402,0.719022,0.979329
-0.008243,0.041596,0.416539,0.959583
-0.055473,0.036354,1.52131,0.843042
0.006894,0.044693,0.920673,1.014515
0.024448,0.041547,0.578384,0.952603
0.00217,0.041576,1.898759,0.956288
-0.036921,0.039001,3.063494,0.898077
-0.000384,0.04448,-1.319859,1.025737
0.05202,0.043886,-0.020093,1.007874
-0.014614,0.036903,1.647279,0.85912
-0.023886,0.042,1.132105,0.961064
0.000578,0.039745,1.040578,0.915838
0.046557,0.047565,0.772217,1.089525
0.049539,0.042281,0.611378,0.980052
0.035466,0.038395,2.788694,0.877535
-0.02061,0.044818,2.249687,1.035694
-0.037382,0.04072,0.746293,0.932067
0.037739,0.047038,1.85627,1.097104
-0.013095,0.041549,0.59717,0.958945
0.021013,0.037242,-0.148841,0.849662
-0.098909,0.042238,-0.296447,0.963452
0.081567,0.042341,1.608092,0.970741
-0.041427,0.038659,0.369783,0.887183
0.058873,0.045922,0.081929,1.050644
-0.019296,0.044812,1.148618,1.041463
0.000319,0.040181,1.703173,0.926399
-0.006353,0.041231,0.874661,0.953175
-0.021152,0.047064,2.616338,1.089103
-0.005415,0.039207,2.721668,0.909172
-0.036789,0.042048,2.218594,0.975595
0.009019,0.045613,2.177957,1.042132
-0.006032,0.041285,-0.113253,0.950134
0.005104,0.037333,1.669235,0.855325
-0.037438,0.043605,1.08567,0.998826
0.00735,0.03472,2.143053,0.802946
-0.03395,0.039739,0.464145,0.914366
0.054613,0.042216,0.676022,0.981595
0.00503,0.040765,2.667613,0.942529
0.006017,0.041362,-0.603764,0.948572
0.049178,0.038992,-0.463843,0.892816
-0.083422,0.040838,1.833948,0.948535
-0.033718,0.044763,2.229735,1.029328
0.005936,0.042489,1.280692,0.984133
-0.005352,0.040435,2.700129,0.927218
0.017494,0.044701,-0.069971,1.032601
0.022266,0.044421,-0.192747,1.025937
0.052145,0.043931,1.21911,1.018947
-0.073501,0.03948,0.148357,0.911824
-0.01633,0.040623,0.573528,0.931713
0.025856,0.035585,0.5324,0.8191
0.088326,0.043162,1.704164,0.996943
0.049975,0.03956,1.631517,0.898534
-0.047171,0.03711,0.474632,0.865528
0.034501,0.039008,0.120933,0.88321
-0.059228,0.044702,1.002619,1.03453
-0.03943,0.043184,2.242334,0.990673
-0.001966,0.039595,1.040653,0.914469
-0.074874,0.046594,1.953154,1.068153
0.070723,0.044674,0.467192,1.017785
0.030046,0.037649,1.44332,0.865355
0.037583,0.045095,0.463868,1.049553
-0.066548,0.044384,2.099048,1.032987
-0.043788,0.038177,0.249105,0.884712
-0.06192,0.036936,0.381459,0.851278
-0.018138,0.044223,1.818391,1.018287
-0.077358,0.04637,0.171677,1.069816
-0.049868,0.044175,1.71735,1.023422
0.045428,0.038552,1.432247,0.877717
-0.018847,0.044793,0.68217,1.035103
-0.003792,0.04472,0.730508,1.024917
