0.044170,0.295902,-0.198140,3.204468
0.188000,0.182097,-0.718757,2.129235
-0.167073,0.216606,-1.797790,2.247728
0.208119,0.165598,-0.805427,1.750808
0.027407,0.294521,2.859851,2.874860
-0.021670,0.302187,-0.603275,3.229967
-0.066797,0.273627,4.321955,2.937229
-0.023180,0.211725,-3.492755,2.414152
0.204788,0.403433,2.931565,4.259235
-0.291776,0.261364,2.078482,2.857450
0.427375,0.195235,0.387205,2.182526
0.446777,0.187717,0.311997,2.059088
0.026621,0.361299,-0.062298,3.877105
0.051968,0.149061,0.097300,1.619139
-0.614419,0.345874,1.209593,3.953298
0.504945,0.173632,-3.340729,1.963497
-0.406647,0.481949,-0.978593,5.295130
-0.308729,0.280495,1.371251,3.075378
-0.035501,0.182401,-2.877835,2.215583
-0.065200,0.305927,-1.778027,3.406148
-0.175715,0.222191,3.058495,2.409234
-0.247719,0.204503,0.088814,2.283228
0.140625,0.155891,0.105894,1.834869
0.138343,0.166829,4.162692,1.898513
0.114808,0.238047,3.646435,2.691275
0.643762,0.268713,0.531736,2.904478
0.007191,0.149332,2.672123,1.782416
0.117678,0.207641,3.397712,2.366524
-0.222939,0.232813,0.279342,2.643778
0.236919,0.295343,1.757442,3.301600
0.189479,0.189065,5.349857,1.996496
0.141911,0.222730,-1.202096,2.356830
-0.114331,0.302034,1.615097,3.485588
-0.147154,0.276567,-1.456963,3.253932
-0.172346,0.297805,-0.124767,3.300648
-0.012025,0.297256,-0.673568,3.353376
0.231916,0.262957,2.740815,3.032212
-0.102629,0.244028,-0.746843,2.670013
-0.222940,0.506087,-2.456816,5.970401
0.365376,0.280057,0.547889,3.096178
0.088684,0.205274,0.912524,2.267361
-0.170822,0.310610,-2.026274,3.059289
0.279316,0.190994,-0.226501,2.041226
0.077855,0.173615,1.809344,1.892223
-0.267523,0.395933,9.212050,4.652426
0.250908,0.329268,-2.520198,3.907422
-0.278133,0.261139,0.133453,2.870429
0.039084,0.267265,5.019134,2.906650
0.344576,0.295071,0.839454,3.202406
-0.071207,0.157308,8.298155,1.662089
0.450925,0.208365,0.852377,2.338099
0.016789,0.182447,2.264479,1.953112
-0.438777,0.339135,4.081001,3.759839
0.274627,0.173152,7.167933,2.091764
-0.226762,0.448249,-2.079395,5.246530
-0.149904,0.219040,-0.035312,2.330060
-0.491999,0.398398,-0.812586,4.151377
-0.066071,0.293188,-0.960247,3.170120
-0.052974,0.161748,-3.406538,1.645802
0.477113,0.427573,5.331566,4.699109
-0.382365,0.315803,3.197290,3.508506
0.063689,0.228418,4.799597,2.515382
-0.307824,0.330835,1.366856,3.488457
-0.331774,0.290140,1.365936,3.349690
-0.186878,0.185568,1.273260,2.094718
0.532070,0.132976,0.873094,1.517486
0.045043,0.299963,7.260416,3.154991
-0.103145,0.269000,1.199471,2.958928
-0.536563,0.212636,2.733152,2.249188
0.099144,0.283952,0.980316,2.865774
-0.196320,0.237300,-0.802897,2.421957
-0.393910,0.319147,2.624110,3.763438
0.161945,0.297315,1.534245,3.343237
0.212078,0.249848,2.526795,2.816134
0.183066,0.243767,2.497980,2.758305
0.072336,0.352001,0.432227,3.861580
0.242747,0.249654,4.042375,2.775516
0.404332,0.242192,0.302331,2.460677
-0.462974,0.343784,5.521562,3.852546
-0.223641,0.224026,-0.408837,2.444767
0.278854,0.252881,0.229877,2.549057
-0.168911,0.249286,4.910599,2.825889
0.466788,0.296707,-4.602117,3.702889
-0.100611,0.166665,1.812491,1.801571
-0.079483,0.566384,5.915180,6.295206
-0.166320,0.298600,-2.433118,3.525125
-0.052240,0.227192,2.675886,2.578480
0.418967,0.251499,4.686311,2.738821
0.242850,0.218493,2.215886,2.608044
0.270450,0.224584,-2.062305,2.508960
-0.001144,0.147937,-1.668438,1.527625
-0.107806,0.341593,2.615828,3.529374
0.640142,0.221165,1.412805,2.277819
-0.308181,0.185744,4.806902,2.046411
0.069580,0.248403,2.564414,2.717516
0.475093,0.221020,1.635635,2.322642
-0.182297,0.252885,-1.274022,2.946296
0.244900,0.299488,2.267741,3.453448
-0.191720,0.443212,3.832377,4.816985
0.509964,0.217877,1.453995,2.453600
0.494272,0.259130,1.748817,2.804628
0.117558,0.136307,3.282089,1.458923
0.188791,0.325202,2.325415,3.494138
0.316378,0.194993,5.253427,2.116071
-0.032366,0.293621,0.876355,3.268139
-0.485552,0.252563,2.666480,3.017761
-0.122097,0.340351,0.897674,3.764820
0.233843,0.218708,-2.036332,2.347659
-0.278302,0.310344,-0.097421,3.378458
-0.352850,0.335004,1.082707,3.436039
-0.049299,0.249818,-1.216701,2.812871
-0.198525,0.250948,5.186746,2.911002
-0.168991,0.256692,2.559766,2.723299
-0.153961,0.226962,0.877550,2.729100
-0.460321,0.413128,2.062857,4.816927
0.253456,0.230628,2.900982,2.614075
-0.026356,0.245144,-0.116356,2.657165
0.091906,0.132012,5.883086,1.449045
0.069680,0.190237,2.064541,2.194340
0.369265,0.306919,0.724150,3.409945
0.087891,0.259259,-4.215566,3.058598
0.396178,0.145347,-0.194585,1.591573
-0.116721,0.219496,5.343223,2.452232
-0.305790,0.257575,1.234944,2.811794
-0.508669,0.330801,3.417038,3.620534
-0.062616,0.259863,-0.042592,3.032765
-0.028219,0.167556,0.777110,1.914095
0.438669,0.258866,-0.017809,2.826041
0.029009,0.231696,3.515800,2.735494
-0.271014,0.330526,4.396441,3.648186
-0.234794,0.304561,-0.529093,3.545221
-0.049619,0.291251,2.429319,3.242017
0.516694,0.354625,-0.230515,4.170136
-0.079171,0.223442,1.882736,2.476918
0.044590,0.174055,1.813585,1.848868
-0.300502,0.217256,3.702255,2.451935
0.154934,0.215820,-0.365727,2.458554
-0.058424,0.223203,1.287713,2.412269
0.081084,0.314290,-0.828335,3.521981
-0.344472,0.195009,3.621624,2.299144
0.186784,0.203296,-2.125158,2.265023
0.114647,0.235775,0.476097,2.612781
0.265526,0.171706,1.527466,1.752313
-0.075707,0.224965,-3.504410,2.575846
0.122301,0.287184,-4.161947,3.103812
0.067016,0.272944,-1.509192,3.167278
-0.152732,0.146313,-0.487219,1.676450
-0.504318,0.285629,-0.578506,3.290343
-0.152900,0.167429,0.476862,1.791692
0.147424,0.320721,3.787454,3.586398
0.259943,0.128984,3.781144,1.344572
0.111314,0.229146,-5.026464,2.502912
0.591206,0.372503,-3.240044,4.171320
0.107407,0.189184,-2.046322,2.064103
-0.629083,0.347339,4.196659,3.781555
-0.010763,0.247815,3.269007,2.928521
0.129738,0.203163,-0.286087,2.091375
-0.054663,0.262684,-0.087256,2.798156
0.118798,0.175451,2.222534,2.060643
-0.088839,0.259798,0.625175,3.216468
0.178660,0.155461,2.346959,1.694480
-0.171978,0.379501,-2.303787,4.417433
0.086399,0.134737,2.864971,1.617250
0.379248,0.239409,0.377905,2.610555
-0.481245,0.246452,5.849639,2.389047
0.155473,0.209910,-0.130733,2.226966
0.302443,0.324523,0.162465,3.183449
-0.036558,0.282632,-0.235280,2.963478
-0.077018,0.241340,0.676065,2.726689
-0.374819,0.209936,2.605775,2.180587
-0.126858,0.184438,3.226003,2.166762
-0.352280,0.208461,3.564185,2.425379
0.002325,0.319917,-0.492594,3.244161
0.420172,0.223459,4.194748,2.377429
0.159819,0.208049,2.281396,2.142808
-0.255282,0.267657,2.768039,3.010528
-0.289525,0.179233,-0.030731,2.261592
0.589959,0.248314,4.389491,2.793919
0.046505,0.336746,-3.415148,3.729584
0.545866,0.227680,9.826766,2.359002
-0.567383,0.500865,2.329169,5.682259
0.113619,0.195592,-0.406710,2.224709
-0.287935,0.227606,2.616440,2.471833
0.287152,0.243249,-0.179758,2.717136
-0.425199,0.401407,-2.209245,4.411342
0.165265,0.300376,2.117992,3.283931
-0.373945,0.263337,-1.437351,3.079664
-0.016469,0.234670,1.561995,2.446187
-0.771228,0.523382,3.320077,5.480960
0.185117,0.254066,-0.289216,2.800728
-0.396326,0.245078,-0.423915,2.735575
-0.053427,0.225453,-1.119898,2.495292
0.147122,0.167390,2.721974,1.817383
-0.200689,0.287434,3.196275,3.169925
0.281506,0.209660,0.604468,2.440856
0.030996,0.210647,1.341456,2.352310
0.115569,0.205454,1.041855,2.345110
0.026985,0.257420,0.337952,2.857080
0.295328,0.206167,0.735467,2.260775
0.237982,0.240207,3.925212,2.517686
-0.121508,0.206740,1.240358,2.072541
-0.257584,0.222955,-1.977583,2.383434
-0.104678,0.182025,2.536480,2.058662
0.354993,0.175564,-0.019100,1.885298
0.681762,0.334016,2.227601,3.804516
-0.002366,0.239911,1.245597,2.664896
-0.110132,0.202188,1.416429,2.180635
0.169565,0.205355,6.523015,2.290355
-0.037554,0.175793,5.984566,1.913105
0.072917,0.341823,-2.382481,3.654701
-0.445566,0.257414,3.127380,2.978549
0.425058,0.276643,1.539724,3.100509
-0.063263,0.171768,0.073471,1.906594
0.121730,0.197807,1.844395,2.204528
0.391669,0.477051,6.472458,5.182661
-0.038209,0.266308,1.054030,2.857425
-0.362091,0.345825,-6.168524,3.928481
0.408462,0.374886,-2.743165,4.220784
0.133484,0.288933,0.470098,3.215657
-0.004554,0.179266,-1.815585,1.885544
0.693734,0.303330,1.555663,3.305821
0.275507,0.242826,-2.362397,2.542614
-0.324081,0.227452,-2.362752,2.564649
-0.137370,0.285027,-0.209170,3.254022
0.086360,0.220357,-0.445208,2.431207
-0.289174,0.248651,1.356773,2.796931
0.239434,0.438406,3.320373,4.722255
-0.101699,0.206916,-2.051932,2.351305
0.078733,0.180820,2.824648,2.019137
-0.486643,0.559617,2.288457,6.438709
-0.085026,0.232808,2.802956,2.411447
0.013022,0.216664,0.175004,2.462167
0.213073,0.258965,-5.621658,2.869290
-0.067325,0.185481,0.162084,2.141452
0.294648,0.154154,0.849518,1.641238
-0.462003,0.180538,0.332239,1.997066
0.041553,0.252805,1.381393,2.876064
0.036292,0.243039,1.456345,2.713092
-0.332654,0.173343,1.272852,1.941648
0.402535,0.313181,-2.382182,3.496584
-0.057176,0.261220,-0.253822,2.894524
0.080761,0.290872,-0.127605,2.980396
0.415276,0.126015,0.219881,1.363662
-0.516009,0.264402,-0.938696,2.921366
-0.284912,0.323272,-0.282942,3.507426
0.007600,0.139692,4.974665,1.517050
0.376288,0.310161,3.596270,3.277083
0.391067,0.282016,0.423561,3.243667
0.201071,0.307904,0.936269,3.214562
-0.410971,0.235319,-1.223635,2.651959
0.153105,0.253061,6.022504,3.011855
-0.099945,0.228460,-3.170142,2.623333
-0.170598,0.475752,5.856691,5.378050
0.399838,0.203047,6.042597,2.456586
-0.100350,0.248027,2.560971,2.830615
-0.500518,0.468133,-0.517044,5.091520
-0.447228,0.220601,0.687464,2.505427
0.319031,0.271342,-0.344076,2.934527
-0.369577,0.263012,5.004321,2.915942
-0.369350,0.652504,-1.454337,7.591332
0.453075,0.226758,-1.967851,2.706716
0.065590,0.167869,-0.743548,1.844107
0.122642,0.282357,0.241833,3.160788
0.328401,0.237276,5.081327,2.518134
-0.137771,0.142511,-0.428056,1.759718
0.125571,0.209749,0.488071,2.201755
-0.060711,0.200343,3.983874,2.110728
0.790606,0.209342,-0.243366,2.539287
-0.402073,0.226031,0.526495,2.398235
0.037953,0.165464,2.474248,1.799034
-0.001136,0.302445,-0.521148,3.428758
0.291444,0.226205,2.935378,2.546554
0.286969,0.305462,0.066656,3.334787
-0.045635,0.205262,4.370933,2.328433
0.169122,0.494044,3.241240,5.528617
0.050942,0.165530,-0.517310,1.810931
-0.377342,0.338351,0.299973,3.924298
-0.376198,0.304408,6.207393,3.253014
-0.226468,0.328224,3.381781,3.415469
-0.153001,0.385003,-0.136112,4.207075
0.159515,0.224714,4.141489,2.580929
-0.164522,0.345129,1.359774,3.643968
0.382242,0.299933,-4.837825,3.544466
0.186174,0.262699,6.859612,2.903815
0.145462,0.126903,0.442892,1.387806
0.333222,0.196547,0.621140,2.305133
0.150425,0.207749,4.755816,2.449695
0.043657,0.292558,2.080330,3.458250
-0.573108,0.392824,0.320766,4.316691
0.203887,0.141795,0.306798,1.431012
0.147420,0.231603,2.824896,2.488941
0.354790,0.430326,-1.695400,4.800391
-0.247325,0.278581,1.851773,2.976812
0.279146,0.358724,-0.830171,4.132316
0.312582,0.233977,-1.038076,2.669738
-0.463852,0.237898,0.993984,2.548426
-0.430814,0.516067,1.927242,5.323606
-0.247203,0.188059,-3.945456,1.863224
0.071386,0.275815,-3.283308,2.903093
-0.048026,0.299098,-0.636515,3.403951
-0.332598,0.350612,0.502949,3.591496
-0.059410,0.171447,1.298026,1.890992
0.024302,0.209241,0.256873,2.445975
-0.226951,0.396425,3.854527,4.335122
0.171932,0.171880,-1.930884,1.846395
0.183881,0.164341,0.318617,1.828226
-0.106348,0.227604,2.662713,2.431581
0.400995,0.308947,6.829971,3.273026
-0.310719,0.329250,2.663277,3.391733
-0.137657,0.245448,-1.277086,2.665973
-0.182327,0.190499,1.138644,1.999768
-0.256683,0.315567,-0.451799,3.377296
0.024223,0.199568,-2.091040,2.285531
0.093754,0.288570,4.622666,3.174948
0.103123,0.185916,2.223668,2.022425
-0.332223,0.180601,0.243670,1.939297
0.641511,0.338024,3.870775,3.388051
-0.348654,0.340847,-1.109294,3.693947
0.047835,0.346488,11.011508,4.194377
-0.027508,0.257752,2.499046,2.918681
-0.234962,0.386957,-1.336043,4.342082
0.124606,0.179936,3.465099,1.862335
-0.287337,0.338704,2.836060,3.626137
0.218043,0.286283,3.136562,3.410352
-0.450106,0.320600,5.365624,3.576354
0.071879,0.277021,0.319079,3.124143
-0.263564,0.232104,-2.274567,2.495158
0.225865,0.205010,1.104522,2.242997
-0.107186,0.154958,-2.549405,1.679947
0.116751,0.290891,-2.703188,3.192978
0.116349,0.286881,5.558972,3.182759
0.092672,0.231674,0.139756,2.538307
-0.264729,0.238887,3.360369,2.720593
-0.167582,0.298843,3.601403,3.222874
0.195171,0.176058,3.488984,1.906009
0.343807,0.150380,1.812648,1.633631
0.160008,0.203115,1.146368,2.295095
-0.300791,0.382267,-0.686260,4.195368
0.318080,0.166579,1.370543,1.813464
0.112863,0.146051,-0.162069,1.533825
-0.373491,0.393772,-0.020818,4.392299
-0.095593,0.245955,1.310748,2.716071
0.000553,0.231938,3.369121,2.842862
-0.076144,0.230960,2.774084,2.517723
0.205262,0.236243,2.105279,2.483677
0.112445,0.168373,1.555640,1.918549
-0.108979,0.174112,4.960219,1.940586
-0.060596,0.216436,-3.264623,2.275628
0.064340,0.192622,-0.941536,2.117107
0.249427,0.272228,1.051558,3.001544
-0.236402,0.239357,0.449112,2.679555
-0.060458,0.231232,-1.225458,2.477332
-0.712756,0.311451,5.059327,3.420097
0.145047,0.218906,2.510834,2.493245
-0.224501,0.256263,-2.818331,2.940223
0.094101,0.145337,-0.057519,1.673911
0.702968,0.346858,3.982069,3.769853
0.169967,0.323041,1.548402,3.518338
-0.168755,0.297581,1.845968,3.456442
0.167422,0.368473,-0.059023,3.898606
-1.035144,0.541324,-3.132726,6.405018
0.105489,0.145488,0.236959,1.618104
0.219177,0.164394,1.077892,1.764082
-0.075285,0.192118,-0.373471,2.111698
-0.235247,0.312985,6.977892,3.676436
-0.118035,0.402925,2.728614,4.366539
-0.039016,0.253720,-0.575589,2.899007
-0.085021,0.183914,0.118539,2.026207
0.091614,0.315075,2.114791,3.732633
-0.367019,0.286622,4.270290,3.132907
-0.162408,0.241327,-4.406903,2.688737
-0.153060,0.175232,5.742100,1.925958
0.193247,0.259817,-0.384758,2.875810
-0.225206,0.239592,-2.241548,2.833286
0.003376,0.295223,1.770083,3.223461
-0.025993,0.213591,2.637743,2.462317
-0.037693,0.216999,-1.652743,2.341889
-0.221151,0.374924,2.754778,4.260107
-0.175984,0.256623,2.167848,2.782095
-0.251156,0.251603,0.843819,2.875567
0.110744,0.340698,-2.551298,3.677525
0.361895,0.286567,5.919480,3.436366
-0.592780,0.360146,-3.569496,3.595588
0.017512,0.379369,-4.714895,4.033936
0.075708,0.281725,4.119585,3.255650
0.118279,0.257967,-0.061694,2.849218
-0.382208,0.443134,1.336143,5.223392
-0.031463,0.236290,2.601808,2.730940
-0.028395,0.181224,-1.023958,2.014149
0.077195,0.230295,3.614774,2.527942
-0.113952,0.213040,-0.874711,2.477074
0.024930,0.206100,-3.380020,2.440069
-0.056369,0.291905,2.068567,3.197971
-0.051787,0.227277,3.463723,2.667238
0.316782,0.155598,1.410903,1.877116
-0.266850,0.559926,1.631419,6.386479
-0.172046,0.261811,0.756326,3.057494
-0.225736,0.408633,-3.584210,4.729502
-0.654522,0.309798,6.863192,3.358547
-0.475556,0.429829,1.284558,4.718905
0.062707,0.269679,-2.351419,2.997270
-0.008427,0.224402,1.702665,2.268219
-0.012957,0.185109,3.274512,2.108405
0.149746,0.255554,-0.769038,2.860240
0.073843,0.278836,0.496774,2.907962
0.159751,0.212788,0.781372,2.400127
0.445304,0.210214,-1.191269,2.196271
-0.224567,0.265196,-0.751662,2.966305
-0.507917,0.334154,-4.557465,4.034286
0.274585,0.122354,-0.118382,1.362804
0.035754,0.246714,5.411278,2.776842
-0.318752,0.197894,3.504704,2.248923
-0.265799,0.226819,1.951806,2.563203
0.224431,0.254106,-0.414868,2.901312
0.184561,0.183558,-1.024305,1.936460
-0.315997,0.409288,3.714148,4.904118
0.406253,0.156306,0.601710,1.749081
0.162234,0.163440,2.656880,1.891858
-0.027829,0.267118,-1.192250,2.936538
0.277936,0.358744,5.509434,3.787847
0.006940,0.189311,-0.547010,2.078773
-0.053556,0.195052,-2.500054,2.348606
-0.301086,0.499558,-1.219155,5.720432
0.051029,0.231455,-0.194509,2.574004
0.244000,0.166004,0.305062,1.816018
-0.316728,0.233498,0.906893,2.399968
-0.454287,0.374465,4.548289,3.934833
0.040182,0.171399,0.922033,1.927016
0.036930,0.221656,0.837800,2.498859
-0.543161,0.283084,-0.164866,3.079229
0.285373,0.292280,5.133955,3.183207
0.174259,0.290872,1.370654,3.240681
0.162722,0.178550,2.302283,2.001288
0.119050,0.278715,-1.049381,3.093604
-0.084976,0.186922,0.959705,2.120257
0.220389,0.212393,1.222052,2.386932
0.052050,0.236882,-0.178020,2.912779
0.447613,0.238320,2.655201,2.676597
0.159814,0.191754,1.535576,2.135779
-0.030465,0.233121,3.332366,2.599540
0.133124,0.304628,-0.047709,3.598951
-0.082852,0.186480,2.330016,2.069847
-0.310407,0.214814,0.313416,2.208629
-0.240363,0.274419,3.228965,3.481912
-0.229260,0.183968,4.369848,1.894950
0.373726,0.284787,4.622514,3.180049
-0.081363,0.282621,-0.547094,2.978375
0.055287,0.176226,-3.765924,1.889178
-0.053311,0.156354,-0.929214,1.730235
0.271670,0.325698,-0.917342,3.520771
-0.097960,0.230246,-0.702625,2.688241
-0.230384,0.173311,-0.052039,1.894226
-0.127524,0.299067,-1.987911,3.150488
0.160603,0.270684,1.457914,3.035055
0.406222,0.397521,1.876491,4.504154
-0.037894,0.221523,-0.563421,2.386107
0.379741,0.142962,-2.116279,1.572113
-0.336083,0.361911,1.261998,4.043943
-0.352316,0.254902,0.795795,2.861270
0.080803,0.210823,0.174141,2.345174
0.505692,0.286149,2.943303,3.170411
0.108646,0.183350,1.407364,2.074231
0.297975,0.300768,-3.499589,3.114289
-0.247432,0.239472,-4.573582,2.692556
0.003199,0.207559,3.849575,2.228790
-0.425526,0.478440,1.873034,5.371235
0.010814,0.163909,0.481738,1.797361
-0.708823,0.563205,-3.290005,5.907592
-0.082054,0.267244,2.092089,2.781398
0.073923,0.201148,1.574302,2.298062
0.255865,0.174626,0.333961,1.924706
-0.049975,0.222801,1.170438,2.537816
-0.387954,0.262658,2.426727,2.865187
0.527127,0.167472,4.006175,1.820192
0.010687,0.280097,0.804795,3.116541
-0.218125,0.312029,-4.669005,3.471696
0.274591,0.260550,3.250897,2.862006
0.154132,0.267369,0.116480,2.913501
0.314353,0.216957,1.364841,2.453284
-0.500596,0.247590,3.830401,2.751176
-0.158014,0.207496,4.885102,2.458583
-0.005836,0.165677,4.360546,1.926509
-0.202139,0.290453,2.636570,3.202284
0.226534,0.171683,-1.756103,1.967695
0.124539,0.190730,0.770066,1.964997
-0.369399,0.256839,2.450865,2.676177
-0.330912,0.337769,1.517900,3.847802
0.015581,0.243801,-2.012424,2.827991
-0.087989,0.194567,-0.015901,2.081822
-0.063850,0.228564,0.904255,2.589919
-0.230827,0.292719,-0.901380,3.276916
-0.122073,0.187125,3.448710,1.987805
-0.118461,0.221430,0.838538,2.457038
0.008525,0.231910,1.955690,3.003035
0.581311,0.472371,-1.125088,4.869449
-0.073535,0.233232,4.087780,2.622773
0.120669,0.264384,3.026964,2.900292
0.189107,0.245878,5.366973,2.756844
-0.182649,0.161829,0.033165,1.833524
0.204816,0.319834,0.227452,3.742712
-0.015281,0.152846,0.021472,1.741038
0.070011,0.312586,6.079738,3.514813
0.112526,0.341732,-1.517265,3.928029
0.560267,0.431561,1.803463,4.843664
-0.137224,0.216740,-0.735115,2.400558
-0.081498,0.271976,-3.958141,3.011004
0.130433,0.171989,-0.683664,1.838531
-0.082787,0.194451,0.702125,2.245662
0.182603,0.273018,0.638526,2.983634
-0.290645,0.415352,-1.511492,4.481624
-0.306901,0.243151,-1.352362,2.657474
0.134719,0.282939,0.367571,2.938491
0.022689,0.224116,0.454128,2.364723
-0.153491,0.427389,3.372090,4.837171
0.114608,0.462816,3.858837,5.247505
0.029846,0.192703,0.374652,2.036135
-0.179340,0.215997,4.550142,2.219276
0.187814,0.261075,-0.752792,2.851929
-0.130709,0.307174,2.545025,3.481580
0.248294,0.195950,0.601991,2.245317
0.316195,0.229093,-1.502422,2.414189
-0.227293,0.221499,-0.915519,2.457599
-0.178912,0.211839,2.288670,2.217011
0.121170,0.172651,1.555317,1.828404
-0.165149,0.322369,1.676188,3.577296
0.338350,0.296417,-3.411676,3.057658
0.453117,0.309176,1.033219,3.322519
0.534697,0.237536,1.128438,2.484964
-0.051877,0.253067,4.524594,2.772053
0.163860,0.248267,-4.113222,2.834495
0.070172,0.192565,-4.622707,2.218592
-0.198033,0.398311,1.135944,4.353122
-0.000188,0.158450,1.319824,1.712752
-0.192712,0.208828,4.678765,2.344913
0.477771,0.247831,-3.932575,2.674800
0.275013,0.267086,-0.576945,3.115139
-0.194348,0.240295,1.393513,2.501031
0.172431,0.262938,5.918693,2.811936
-0.752931,0.273693,3.787304,3.065004
-0.133113,0.275048,0.750633,2.874369
-0.156481,0.285214,1.528190,2.928631
-0.032476,0.129905,4.144081,1.391901
-0.160238,0.261276,-0.089921,2.799683
0.022353,0.230966,7.015444,2.680547
0.427717,0.230117,7.909269,2.457259
-0.279892,0.284309,4.522604,3.395277
-0.072549,0.304897,-5.101248,3.718690
0.341677,0.234510,4.049235,2.578124
-0.355740,0.204368,4.288905,2.241035
0.400345,0.246747,0.483450,2.686495
0.147098,0.202934,4.664502,2.446640
-0.161461,0.303999,-1.509011,3.742201
-0.896315,0.287617,3.602002,2.948083
0.154941,0.230384,-0.467299,2.412105
0.146937,0.238411,-3.835338,2.592647
0.165176,0.151511,-0.950115,1.624929
-0.014973,0.231688,3.405108,2.755927
-0.485087,0.333938,0.993552,3.734661
-0.108761,0.169628,5.656491,1.963204
0.194176,0.211865,3.266294,2.479126
-0.090009,0.183072,2.265733,1.956640
-0.098215,0.307366,-1.602451,3.250403
0.390688,0.427456,2.399686,4.812736
0.085911,0.187638,-0.596207,2.068324
-0.050402,0.342645,-0.650162,3.724912
0.008507,0.163372,-0.237455,1.730594
-0.329776,0.298012,2.101725,3.162038
0.319751,0.493846,1.834788,5.537077
-0.163234,0.194682,2.688376,2.304094
0.065022,0.228770,1.593189,2.451485
0.070290,0.244080,2.571359,2.574242
0.087720,0.146347,0.714445,1.617635
0.043281,0.437417,3.968277,4.636665
-0.405343,0.296961,2.472501,3.276153
0.086322,0.233881,1.438258,2.634693
0.279902,0.351781,0.163968,3.861890
0.267605,0.291894,1.168151,3.284281
0.004275,0.274962,0.616351,2.916961
-0.588591,0.391675,0.734490,4.254733
-0.036029,0.349874,0.080925,3.868946
-0.200871,0.292232,0.263625,3.376583
-0.131147,0.374018,3.660887,4.246101
-0.105096,0.158059,1.100259,1.855628
0.223148,0.350061,3.187076,3.543266
0.349912,0.205026,1.557932,2.311717
-0.463375,0.276686,0.659637,3.138999
0.015083,0.225290,1.361466,2.420128
-0.005269,0.197326,1.468941,1.989049
0.127817,0.168518,3.421868,1.899331
0.529914,0.235798,3.921499,2.763141
0.024698,0.229298,0.271589,2.352874
0.049844,0.195056,1.660390,2.117391
0.620727,0.492557,-8.533468,5.035101
0.216965,0.256658,-1.065479,3.009771
0.111046,0.244334,3.976461,2.737473
0.012472,0.185641,-0.039635,2.322126
0.265599,0.374696,-1.964803,4.154691
-0.081882,0.282121,-1.092878,3.160030
-0.107794,0.185559,1.304932,2.019611
-0.187291,0.257254,4.033484,2.906219
-0.204491,0.217967,-0.208155,2.501189
-0.472114,0.352769,-7.895658,3.778040
-0.106808,0.225897,2.500359,2.472189
-0.037244,0.204903,0.823077,2.339576
0.541666,0.258032,-0.253796,2.743583
0.804833,0.225063,5.410426,2.300399
0.631039,0.502516,-3.940960,5.596713
0.174734,0.252342,6.552185,2.787596
-0.243325,0.202469,2.337535,2.115656
-0.061510,0.193706,1.768179,2.023646
0.343812,0.228438,-2.648005,2.540477
-0.321267,0.359670,0.407397,3.795966
0.083392,0.273497,-2.129265,3.000893
-0.064364,0.207432,1.717159,2.269272
0.159643,0.395895,4.121804,4.368976
0.197483,0.140032,4.453046,1.594247
-0.022687,0.251278,2.392423,2.763301
0.129629,0.163496,2.575006,1.946333
-0.035494,0.229616,0.191451,2.552164
-0.084354,0.319658,-2.111140,3.406348
-0.145606,0.275784,1.268896,3.076252
0.308098,0.185584,1.913577,2.202560
0.331790,0.124525,-0.465146,1.383998
-0.119865,0.260690,2.607627,2.766893
-0.232966,0.283858,7.418524,3.127952
0.487648,0.367478,0.538339,3.960303
0.432852,0.197577,-1.076580,2.228292
-0.627610,0.536805,2.377968,6.189972
0.472381,0.159421,2.963939,1.788451
0.099552,0.260456,-6.303051,2.897148
-0.166764,0.268234,-2.776744,3.110467
-0.491119,0.400784,-1.908880,4.609848
-0.032116,0.161727,0.713283,1.806070
-0.207567,0.392129,2.765471,4.430490
-0.026981,0.180769,1.256363,1.936748
0.006818,0.356503,-2.472103,3.808670
0.217224,0.240496,0.168683,2.681806
-0.533097,0.437525,2.725976,4.927100
0.120962,0.278573,7.071617,2.753058
-0.230475,0.221249,2.945665,2.458266
-0.107198,0.273270,-0.521695,3.066385
-0.507135,0.507839,2.345994,5.489692
0.059972,0.166718,1.257345,1.824383
-0.372159,0.414952,-0.291003,4.531943
-0.227583,0.300430,-3.898452,3.265720
-0.130830,0.229367,-0.036195,2.420573
0.070043,0.328494,1.705493,3.745632
0.296665,0.371429,-2.301097,4.260996
0.058372,0.193941,-0.227065,2.183477
-0.072904,0.370928,-2.296049,3.958287
-0.108970,0.273995,-0.221143,2.992884
0.383553,0.294678,1.356060,3.213828
0.424580,0.221443,0.273215,2.392221
-0.170513,0.202654,4.529066,2.121770
-0.154975,0.280783,2.520238,3.198760
0.030667,0.268876,6.359706,2.983317
-0.080383,0.151517,0.052864,1.542081
-0.267919,0.220589,-1.225826,2.491244
-0.262575,0.189665,2.453537,2.038624
0.468428,0.281003,-0.575479,3.085905
0.215663,0.180673,2.831279,1.809748
0.081359,0.266357,2.177945,3.064586
0.142187,0.206548,2.085125,2.219339
-0.100033,0.246925,2.412260,2.975144
0.027939,0.207711,4.664331,2.345269
0.254387,0.342933,1.723301,3.416159
0.111679,0.161979,-3.021175,1.810538
0.161278,0.175379,-0.371626,1.896472
0.257833,0.150425,0.999974,1.644221
-0.449222,0.420411,2.497540,4.786733
0.382418,0.384438,0.488123,4.109374
0.013330,0.173585,1.190957,1.833147
-0.137231,0.220808,2.486629,2.434930
0.364922,0.216172,1.181993,2.450556
0.069617,0.183325,1.240161,2.057194
-0.021940,0.248058,0.250993,2.768817
0.159804,0.321318,-4.409930,3.535813
0.178233,0.181036,6.089170,2.063854
0.076017,0.148271,1.622094,1.683212
-0.468105,0.298458,1.310526,3.563801
-0.111813,0.282388,0.499556,3.136381
0.040897,0.269286,2.997132,3.105648
-0.426580,0.266433,3.194595,2.903983
-0.022405,0.411759,1.061266,4.346194
0.088858,0.222449,-1.291468,2.769815
-0.188668,0.357008,-0.586471,3.998461
0.367312,0.236944,-1.358527,2.725433
0.012527,0.229682,-4.684930,2.532488
0.199194,0.242886,-0.014186,2.794839
-0.194336,0.195920,-0.554315,2.047494
0.277316,0.186177,2.331599,2.200025
-0.414583,0.352836,2.384868,4.019696
-0.059964,0.236530,-0.366336,2.447532
-0.262108,0.192549,0.179594,2.057257
-0.343533,0.276862,-0.813668,3.302072
0.425005,0.130599,1.333205,1.378341
0.309200,0.193401,2.429322,2.212704
0.303913,0.298208,1.282715,3.334633
-0.365461,0.270926,-0.678319,3.145150
0.295729,0.154378,0.448629,1.802534
-0.035353,0.318357,3.547078,3.499477
0.084552,0.510366,8.251447,5.849152
-0.136165,0.189123,-2.124870,2.233370
0.464694,0.252863,4.233395,2.749770
-0.082465,0.155514,4.833264,1.710950
0.014012,0.131832,5.394561,1.487192
0.114823,0.247278,2.710432,2.882813
0.090099,0.215944,3.773235,2.472573
0.125997,0.112816,2.822362,1.254727
-0.073701,0.203836,-0.073234,2.203843
0.277805,0.361811,7.275640,4.260416
0.004830,0.212379,1.823916,2.304355
-0.324569,0.218357,-2.718718,2.481310
0.202512,0.232362,3.254053,2.640908
0.439012,0.231778,3.009166,2.681567
0.081667,0.196875,1.433615,2.345454
0.336931,0.320572,-2.106763,3.364296
-0.051002,0.288601,2.079697,3.381962
0.005420,0.152689,4.330704,1.711052
0.146302,0.243645,3.038367,2.498737
0.310969,0.305725,1.711468,3.494729
0.076188,0.384641,1.802369,4.618011
0.129842,0.175861,5.298916,1.996063
-0.094952,0.183707,1.800812,2.202255
-0.124049,0.535037,3.256309,6.263743
-0.146628,0.310624,-1.980932,3.510549
-0.149255,0.181820,2.913271,2.070049
0.079489,0.219137,-2.400717,2.441741
-0.006362,0.213264,-1.285953,2.430165
-0.066990,0.186848,6.221675,2.061331
-0.159408,0.415148,2.197642,4.641460
-0.279226,0.223664,0.705627,2.588713
-0.311057,0.184897,5.038390,2.099635
0.235495,0.387342,-1.733444,4.539367
0.499319,0.375609,0.340769,4.010209
-0.382680,0.216581,2.434100,2.251886
0.265647,0.295873,3.574008,3.477029
0.222485,0.173559,2.205000,1.878298
-0.020590,0.171695,0.824491,1.942115
0.039053,0.469993,12.787101,5.592936
-0.056817,0.280574,0.796870,2.970725
0.277220,0.176541,2.213500,1.949906
-0.128571,0.287527,-1.887501,3.119515
0.042405,0.202320,3.686506,2.201247
0.134441,0.388711,4.735082,3.975477
0.621546,0.512344,6.128903,5.401405
-0.091218,0.188964,-2.400144,2.180862
0.164436,0.205999,-1.164806,2.279465
0.407454,0.304996,-4.081907,3.323195
0.232306,0.232386,-2.039269,2.803597
0.422076,0.282120,1.354373,3.129916
0.237836,0.307283,-4.154668,3.333768
0.061837,0.174991,1.187551,1.895929
-0.072142,0.470401,1.454917,5.365933
-0.372749,0.211234,0.132000,2.201717
0.247057,0.201551,-0.719216,2.332399
-0.140359,0.293071,-2.981538,3.353907
0.087517,0.163747,2.144354,1.878964
-0.592594,0.477328,2.812172,5.487647
0.364298,0.227772,2.499390,2.588087
-0.158447,0.266499,4.437675,3.015964
0.067600,0.248063,1.406356,2.770435
-0.092364,0.269696,1.016739,3.117657
0.396717,0.126100,1.108818,1.408996
-0.163463,0.300326,-0.245974,3.353050
0.355723,0.250613,3.964005,2.850043
0.292897,0.271324,-1.993170,3.008482
-0.030793,0.248904,-0.422262,2.822270
-0.152493,0.236720,-1.188477,2.482138
0.127103,0.193087,4.549920,2.043627
-0.128956,0.228586,2.203922,2.482699
0.296601,0.211454,-4.289346,2.279456
0.637432,0.268195,2.356123,3.004069
0.472757,0.400058,2.079850,4.529389
-0.519190,0.351675,0.489487,3.823973
0.296543,0.158150,-2.159549,1.694209
-0.020207,0.275568,0.912906,3.176457
-0.272204,0.210714,1.702938,2.335996
-0.199658,0.254611,-2.139544,2.856239
0.164605,0.267327,-4.570911,2.849255
0.070871,0.313478,4.223334,3.339796
0.324442,0.456793,-3.873866,4.885873
-0.016346,0.434723,1.197522,4.748301
0.147097,0.162268,-2.196495,1.740052
0.047023,0.213354,-1.792826,2.139347
-0.232902,0.220481,2.959604,2.454596
0.458974,0.131625,0.680062,1.417606
-0.318487,0.197225,2.987821,2.227235
0.024819,0.182975,0.402286,2.034264
0.393771,0.293048,2.352812,3.022125
-0.833105,0.480447,3.394612,5.097587
0.199312,0.201482,3.419586,2.226684
0.287736,0.206483,0.007821,2.284482
-0.294410,0.271414,2.868513,2.984118
-0.177246,0.296618,6.503136,3.297713
0.164086,0.241166,4.704602,2.751657
0.020983,0.170487,-0.226978,1.798857
0.695569,0.257771,-0.384714,2.975706
0.114027,0.188429,1.599496,2.081959
0.191006,0.184112,3.137313,1.999686
-0.396239,0.210175,-0.059906,2.292111
0.148287,0.230891,6.669130,2.665666
0.428276,0.159042,0.913987,1.856109
-0.081038,0.213440,3.040410,2.329976
-0.252556,0.168585,-0.297385,1.769483
0.210563,0.389122,2.384305,4.626929
0.143602,0.168442,0.222432,1.696405
-0.216911,0.238585,-1.001514,2.512379
0.126282,0.304746,1.668851,3.129210
0.173368,0.310151,6.129216,3.528610
-0.161635,0.192236,0.175873,2.065039
-0.046132,0.221008,4.743482,2.550892
-0.112870,0.297899,-0.331908,3.162428
-0.118816,0.251430,1.411442,2.963966
-0.073778,0.372177,1.270109,3.994191
-0.439213,0.403780,-0.646115,4.646536
-0.556048,0.278293,2.078488,3.026046
-0.260233,0.423489,5.341230,4.537809
-0.470891,0.253599,-0.256619,3.037190
-0.569536,0.471226,9.440038,5.475168
-0.044140,0.231857,5.399552,2.453138
0.403923,0.239298,-3.112409,2.710687
-0.028822,0.211108,1.202199,2.289563
-0.100929,0.166592,1.653957,1.809180
-0.035613,0.231867,5.467784,2.617908
-0.051753,0.205865,4.101726,2.170414
-0.168987,0.346624,-2.542237,3.850067
-0.087810,0.206308,5.941833,2.368298
-0.448532,0.638437,1.656318,7.246087
-0.221982,0.177843,2.986715,1.963926
0.212353,0.289240,-1.957465,3.144114
-0.181921,0.242060,1.236457,2.662009
0.228338,0.237275,-1.319124,2.633105
-0.237858,0.310799,-0.616264,3.453665
-0.026265,0.314313,-5.383626,3.367946
-0.152123,0.233561,-1.002382,2.677434
0.260646,0.375973,1.056284,4.244756
0.158638,0.232254,-4.142261,2.561890
0.318786,0.141803,1.843197,1.603593
-0.066134,0.249226,-4.218614,2.981956
-0.271558,0.197540,0.997317,2.274159
0.041079,0.161060,3.367176,1.951958
-0.548967,0.380745,7.259137,4.251268
-0.034522,0.178026,0.912587,1.941872
-0.110466,0.229824,0.462913,2.519939
0.140948,0.251127,3.783200,3.130771
0.267721,0.233534,-0.006028,2.694600
-0.365986,0.243404,-0.344557,2.737801
-0.238367,0.305406,2.248336,3.303326
0.047917,0.204405,3.016699,2.388972
-0.176470,0.235384,-1.574661,2.666275
0.209122,0.231367,1.735383,2.546645
-0.522846,0.288189,0.869239,3.175739
-0.002171,0.255311,-0.001119,2.829949
-0.470283,0.320028,4.095737,3.359410
0.181780,0.179799,0.217858,1.922219
-0.220457,0.189587,-1.298180,2.028811
0.090281,0.269598,6.117515,3.058506
-0.500801,0.365698,3.492002,3.947403
0.000319,0.142461,3.452985,1.639639
-0.397663,0.218204,4.767602,2.571199
-0.091811,0.230339,2.249207,2.587502
-0.165892,0.341211,5.492585,3.830699
-0.092010,0.230638,-1.233016,2.594626
-0.069474,0.221672,5.411060,2.360847
0.314396,0.227485,0.403482,2.551651
0.065231,0.183573,-0.558071,1.964392
0.477340,0.194760,-1.751232,2.138678
-0.460173,0.247904,6.014325,2.795238
0.042885,0.176679,3.088922,1.873741
-0.194474,0.153211,1.027720,1.710829
-0.228565,0.291945,3.144057,3.088576
0.301775,0.167365,0.418539,1.841426
-0.133777,0.332861,1.054586,3.631571
-0.155120,0.187537,2.388081,2.105708
0.025799,0.301083,1.201544,3.235604
0.143266,0.205484,0.609883,2.238697
0.249123,0.273250,1.439397,2.836531
0.362737,0.183645,-0.222267,1.895860
0.084954,0.245457,0.944257,2.576613
-0.181637,0.210114,-1.758430,2.320186
0.160829,0.166169,-0.163749,1.754555
0.309151,0.235122,-0.949774,2.487167
0.549702,0.319568,0.080971,3.319734
-0.209970,0.190688,0.060446,2.090085
-0.041570,0.202652,-3.804166,2.193931
0.090840,0.217164,-4.026572,2.478671
0.167833,0.274534,0.953775,3.052234
0.314134,0.214812,2.450552,2.287144
-0.299694,0.253037,0.827731,2.984357
-0.070984,0.190999,1.165079,2.145128
0.250430,0.283320,-2.619824,3.029009
-0.201539,0.256039,1.964515,2.759104
0.078085,0.225684,1.176923,2.440571
-0.312746,0.281821,-3.579294,3.197524
0.039164,0.136885,-0.191924,1.637130
0.243061,0.301986,2.360078,3.317735
-0.373418,0.286981,4.366331,3.134624
-0.208104,0.217315,-3.312520,2.686218
0.384078,0.197370,2.119857,2.093105
0.431107,0.259846,-1.258343,3.085303
-0.059486,0.167837,3.487562,2.014731
-0.269466,0.270351,3.883205,3.093316
0.018799,0.235332,-0.661604,2.523299
-0.710397,0.393196,5.338226,4.263666
0.011559,0.220440,1.746559,2.590169
0.075923,0.175191,0.117914,1.889641
0.004096,0.217090,-0.173876,2.333468
-0.480401,0.183109,-0.141091,1.987196
0.415345,0.274809,1.136690,3.206725
0.037374,0.262938,0.349748,2.693076
0.137345,0.224147,10.597003,2.529768
-0.353604,0.280784,-0.271274,2.931170
-0.223135,0.214997,4.813303,2.466980
0.354794,0.342810,3.669595,3.749696
0.071273,0.230926,3.304678,2.590847
-0.091112,0.253752,0.228342,2.758286
0.013595,0.144284,1.268140,1.576010
0.199773,0.251276,3.590445,2.929027
0.285869,0.142015,-0.176214,1.543392
-0.100857,0.281933,1.816517,3.171228
0.035573,0.303173,-3.090048,3.501461
-0.152469,0.164691,-0.356448,1.784646
0.662452,0.292674,3.307230,3.401684
-0.333647,0.353837,-1.019446,4.096491
0.055349,0.208387,1.384796,2.327548
0.235706,0.256119,0.498452,2.936476
-0.319960,0.463444,1.157130,5.298085
-0.337414,0.268429,6.191484,2.880231
-0.015253,0.222136,1.499052,2.662837
0.048868,0.220175,-2.738106,2.500070
0.009394,0.254445,0.672270,2.762605
-0.217566,0.266109,-3.937993,2.855281
-0.071048,0.179336,1.020700,2.020632
0.009324,0.340067,4.405253,3.853584
-0.181020,0.204759,-4.151484,2.385607
-0.239133,0.349877,2.255525,3.902312
0.274863,0.221161,5.634235,2.456863
0.463765,0.330773,2.782145,3.632068
0.366636,0.216193,-0.452171,2.280747
-0.055431,0.202119,-4.121689,2.320958
0.044502,0.171063,2.744361,1.820644
-0.548464,0.248099,1.356598,2.805554
0.153686,0.218461,1.577252,2.459820
0.154547,0.184481,5.470286,2.081256
0.173311,0.422365,-1.164276,4.911269
-0.226210,0.204298,-3.926210,2.279564
-0.376109,0.376196,7.471843,4.404246
0.158768,0.195485,0.158496,2.149101
-0.468826,0.248383,4.095036,2.836442
-0.055216,0.215775,1.862297,2.357997
-0.063408,0.190612,4.442777,1.892834
-0.093192,0.118549,-1.273399,1.381777
-0.064532,0.461246,-0.666802,5.493036
0.212617,0.248978,3.686106,2.714384
0.078329,0.232548,-1.473307,2.493199
0.123755,0.126402,1.224432,1.293376
0.093487,0.174329,-0.281743,1.812201
0.653469,0.392389,-0.050085,4.343232
0.479620,0.343644,5.280039,3.966226
-0.183477,0.197031,3.246334,2.139581
-0.164237,0.243878,2.238239,2.576214
-0.016421,0.315692,3.498517,3.646371
-0.178343,0.385276,2.555350,4.268407
-0.096837,0.208074,3.470907,2.235823
0.208356,0.372216,-4.250093,4.323270
0.300299,0.185405,5.413541,2.080050
0.162537,0.123421,0.184466,1.426735
-0.018567,0.157979,-0.102669,1.645583
0.216559,0.161379,0.468818,1.852920
-0.104440,0.229557,1.231570,2.421872
-0.400325,0.224934,-0.268354,2.646261
-0.087548,0.181390,0.782783,2.068154
0.312740,0.586567,0.109867,6.704256
-0.403098,0.268650,1.500279,2.922744
-0.074125,0.340589,4.288499,3.685722
0.267567,0.163185,0.115908,1.803114
0.087378,0.148930,1.926573,1.687306
-0.192449,0.194191,2.573622,2.111129
-0.303484,0.294516,2.874771,2.964851
0.354985,0.341738,-0.375540,3.874669
-0.024313,0.233385,-3.242839,2.647782
0.364630,0.156450,1.371161,1.615022
-0.171178,0.235634,3.952522,2.549402
0.636872,0.666898,-5.110944,7.235670
0.028005,0.287272,1.249522,2.974240
0.111659,0.256885,1.305267,2.736317
-0.110228,0.150090,-0.094680,1.734458
-0.069833,0.384089,2.950273,3.957630
-0.069375,0.248377,3.125849,2.646204
-0.010178,0.151255,0.339522,1.765721
-0.067063,0.192515,0.044041,2.076248
0.075123,0.463837,5.698316,4.699851
0.032276,0.224027,1.845216,2.515537
-0.083725,0.241498,3.936951,2.666127
-0.063126,0.316029,2.831753,3.722422
0.176508,0.250364,-0.819211,2.807832
0.354375,0.269837,1.429196,3.072952
0.351834,0.171119,1.538065,1.848599
0.357035,0.188297,-1.732926,2.057849
0.039616,0.188555,3.978425,2.243758
-0.125535,0.351347,6.180995,3.943317
-0.613477,0.343938,-1.706223,3.741916
-0.030523,0.503666,-2.041430,5.333936
