-0.193203,0.092964,-0.047231,1.139916
-0.624236,0.166386,4.354219,1.938057
-0.333723,0.092268,1.758881,1.146596
0.202281,0.236064,1.519950,2.799153
0.419466,0.254838,1.310385,2.955984
-0.304034,0.148873,0.196670,1.697392
0.578227,0.263149,3.215789,3.087214
0.039225,0.097338,1.399750,1.155958
0.052376,0.169271,4.598732,2.132904
-0.282807,0.161583,3.924455,1.778855
-0.569997,0.100074,0.778786,1.194619
-0.228132,0.101914,2.229008,1.201733
-0.199028,0.106520,2.924382,1.202121
-0.414344,0.126455,1.587710,1.432042
-0.255641,0.185945,2.786670,2.349315
0.996613,0.127105,-0.002899,1.613992
0.022193,0.287580,3.252677,3.307334
-0.037143,0.103456,2.143348,1.240868
-0.258567,0.110661,2.168547,1.307082
-0.050224,0.117638,2.035303,1.424993
-0.546645,0.181772,3.854143,1.998397
-0.209450,0.186734,2.476951,2.194513
-0.326439,0.094650,1.510851,1.094181
0.084038,0.334467,-0.829443,4.258681
-0.192304,0.097021,1.584681,1.264523
0.649072,0.143973,2.006612,1.772875
-0.478967,0.116306,4.683527,1.354996
-0.372183,0.217864,3.287198,2.675478
0.061551,0.111733,1.045952,1.298886
0.249126,0.250431,-0.070416,2.845577
0.251979,0.104964,-0.466598,1.141895
-0.008725,0.153443,3.124803,1.834268
-0.390839,0.148011,1.559537,1.712960
-0.787074,0.223399,4.547146,2.793483
-0.000006,0.100768,0.961034,1.218391
-0.526156,0.164208,1.436695,1.971916
-0.377382,0.113436,2.279775,1.422664
-0.626018,0.083807,2.096554,1.001367
0.564233,0.183132,5.023050,2.068606
1.137519,0.223425,2.912721,2.579308
-0.936055,0.092429,2.553607,1.154466
0.017184,0.114669,2.078349,1.377430
-0.352895,0.099245,1.788183,1.202620
-0.294531,0.120062,2.663301,1.414641
0.159168,0.120328,-0.228437,1.431278
0.249994,0.110569,2.005694,1.240740
0.221921,0.103118,1.140533,1.220917
-1.060065,0.077175,2.653535,0.918515
-0.203485,0.146248,4.349246,1.785338
0.488895,0.105401,0.669042,1.195584
0.063572,0.129415,2.761966,1.611499
-0.730250,0.282140,8.489051,3.278474
-0.465096,0.087062,2.095559,1.035659
0.172876,0.209046,1.860634,2.326605
-0.465929,0.110448,2.055587,1.288660
0.571694,0.263995,2.517593,3.101976
0.330042,0.192187,1.659641,2.173714
0.007330,0.134669,2.526918,1.663764
-0.776846,0.162126,3.619772,1.843542
-0.955941,0.101862,3.035976,1.410923
-0.139643,0.109797,1.956463,1.186862
-0.085064,0.294404,0.868788,3.337944
-0.742063,0.092341,1.567730,1.100470
-0.232957,0.163213,-2.176293,1.903683
-0.550627,0.089348,1.916818,1.055871
0.185635,0.112087,1.525430,1.380255
0.052166,0.113896,1.915252,1.374001
-0.124510,0.096550,1.435749,1.181100
-0.362842,0.116186,2.470057,1.393530
-0.066993,0.137279,0.487559,1.715652
0.046938,0.199546,6.124117,2.462113
-0.591551,0.096465,2.285834,1.182002
-0.370010,0.108947,0.611860,1.244599
-0.267842,0.180452,2.736738,2.151217
0.247465,0.125820,2.742058,1.520350
-0.209818,0.431534,2.150570,5.391737
-0.912127,0.080422,2.409131,0.943881
-0.435870,0.136891,2.509281,1.514259
0.474468,0.112590,0.360185,1.358160
-0.130399,0.186559,1.781124,2.257902
0.401169,0.118911,1.007621,1.508566
-0.499295,0.098312,2.307033,1.145053
-0.042746,0.107255,1.446815,1.275652
-0.712514,0.097386,2.449373,1.239583
-0.321604,0.109234,-0.027904,1.308147
-0.143058,0.341331,5.012382,4.240947
0.466143,0.116304,2.102612,1.370924
0.429344,0.188401,0.123948,2.182430
-0.117540,0.106407,2.861521,1.207391
0.123418,0.597457,0.468773,7.014785
-0.182875,0.106534,1.303864,1.217223
0.462000,0.136486,3.074591,1.502404
-0.154393,0.100635,2.007721,1.191320
0.057695,0.106313,0.933224,1.191277
0.204621,0.108915,0.241462,1.302617
-0.306296,0.189164,-0.105542,2.204535
-0.554240,0.216043,2.201656,2.462085
-0.369486,0.235678,-1.111699,2.674469
-0.109510,0.284427,2.439435,3.311541
-0.177906,0.092775,1.484733,1.085015
-0.481526,0.089578,1.989441,1.127721
0.028494,0.123085,1.309392,1.508427
-0.175482,0.193141,6.660343,2.222504
0.280754,0.273921,-0.371663,3.053259
-0.172211,0.223380,1.455788,2.610528
-0.244706,0.091974,1.362536,1.091687
0.036623,0.141111,2.503483,1.745091
-0.611404,0.171932,4.121416,1.973755
0.315791,0.124902,0.359973,1.382040
-0.566411,0.114672,1.116091,1.262107
-0.039678,0.113491,0.764364,1.463308
-1.244781,0.095855,3.332512,1.121775
-0.235398,0.239683,2.088843,2.939622
-0.202755,0.231690,1.727263,2.921449
-0.583066,0.108479,1.619457,1.302684
0.297604,0.113481,1.225745,1.459074
-0.547101,0.107005,1.900459,1.302402
0.085698,0.124128,1.238099,1.513458
0.893471,0.210745,3.767287,2.567460
-0.153281,0.212478,6.037571,2.508701
-0.376401,0.108720,0.118356,1.315523
0.067970,0.191137,4.156194,2.061763
-0.591432,0.093469,2.433058,1.103498
-0.803374,0.093105,2.555880,1.142793
-0.901333,0.101082,2.499489,1.252109
-0.172971,0.146036,2.348453,1.702128
-0.036822,0.094711,1.418663,1.167547
0.302682,0.340600,4.242783,3.869535
-0.354789,0.109793,2.676348,1.268125
-0.096172,0.092350,1.827732,1.004334
0.285138,0.105629,3.306111,1.341853
0.216217,0.246312,4.203450,2.837075
0.362124,0.130169,1.055741,1.679776
0.203267,0.106230,1.283695,1.263030
-0.755970,0.092443,2.386175,1.045642
-0.211979,0.266057,-1.242951,3.001224
-0.152075,0.141432,1.741333,1.699582
-0.106881,0.123040,1.738256,1.414930
0.259355,0.110135,1.827203,1.250826
-0.413078,0.170033,7.130195,1.937688
0.047193,0.193098,0.574780,2.138865
-0.095996,0.279694,3.410920,3.212130
0.207385,0.101148,1.307133,1.186515
-0.270590,0.096631,2.373396,1.204514
-0.804651,0.127732,1.138638,1.583776
0.802358,0.282615,2.749737,3.456701
0.123828,0.233082,3.376938,2.853664
-0.052673,0.110836,1.833605,1.393254
-0.300349,0.162789,2.108577,1.902802
-0.985715,0.113545,4.899099,1.312463
0.431184,0.471249,4.458580,5.107256
-0.326727,0.182193,1.865661,2.117984
0.270571,0.101333,1.410233,1.269409
0.313272,0.376642,2.153055,4.065431
-0.237403,0.069170,1.426010,0.819126
-0.167878,0.166943,1.101212,2.147343
-0.209826,0.123022,1.892212,1.641496
-0.100141,0.102371,0.908642,1.189924
0.472093,0.178756,0.891122,2.105713
-0.470146,0.191879,1.727713,2.340205
0.144851,0.198181,-1.396571,2.312065
-0.704842,0.085088,2.203505,1.076503
-0.314114,0.090340,1.608659,1.048198
-0.533535,0.103867,1.012585,1.256230
0.164473,0.143974,0.459003,1.638121
-0.606555,0.098841,2.755269,1.175450
-0.666157,0.095391,2.136167,1.150331
-0.307482,0.152148,1.830107,1.697829
-0.769509,0.173138,0.478780,2.210109
-0.054051,0.154275,-0.963914,1.737235
-0.078952,0.202920,2.448932,2.415206
-0.052344,0.301456,4.034838,3.481246
-0.118293,0.104436,1.265896,1.185816
0.373067,0.198452,3.688219,2.304581
-0.712186,0.101593,2.719422,1.237516
-0.338339,0.157198,3.951815,1.865222
-0.058786,0.236249,-1.731577,2.855269
0.074116,0.134053,3.477992,1.461356
-0.796464,0.219166,-0.936603,2.585834
-0.434932,0.100948,2.386728,1.208865
-0.331947,0.233885,2.531017,2.668639
0.018781,0.119927,2.212751,1.468591
-1.041052,0.085600,2.307353,1.001089
-0.044177,0.273641,-2.180986,3.370549
0.791877,0.125323,-0.183153,1.433556
-0.488549,0.102973,0.067941,1.180307
0.455821,0.279271,-1.085202,3.129827
-0.425645,0.149146,4.133516,1.646165
-0.087671,0.211344,0.162396,2.478217
0.336172,0.114625,1.260978,1.377822
-0.272778,0.216919,3.184851,2.618339
0.409174,0.119687,0.569699,1.342110
-0.677753,0.098238,2.781589,1.161854
-0.521475,0.084894,2.792155,1.003725
-0.624326,0.130089,0.480577,1.520911
-0.164053,0.109007,1.383992,1.444451
-0.250212,0.091083,1.631320,1.068153
0.381003,0.112902,1.581049,1.336232
-0.445203,0.127151,2.436900,1.449830
-0.765366,0.075034,2.731537,0.915109
-0.279735,0.197233,1.816693,2.436481
-0.150781,0.126628,-1.675883,1.556788
0.340455,0.368383,2.667350,4.303504
-0.064603,0.253547,0.508738,2.710186
-0.172372,0.096030,2.298155,1.100992
-0.192905,0.138359,4.467369,1.674770
0.233047,0.120353,2.290813,1.347765
-0.542487,0.114263,4.256124,1.469930
0.381464,0.144948,1.962881,1.725344
-0.130199,0.107825,2.589583,1.291897
0.350884,0.228536,0.918540,2.685732
-0.182990,0.092027,0.855745,1.144969
-0.068703,0.147430,0.330169,1.738160
-0.484996,0.088324,2.252134,1.069090
-0.410568,0.109268,2.194796,1.303560
-0.240598,0.096309,3.695601,1.099163
0.165799,0.198714,1.808174,2.122505
0.042894,0.163910,5.165643,1.976829
0.627522,0.130000,4.304197,1.608476
-0.850576,0.217899,4.452866,2.733580
-0.723516,0.115281,2.726920,1.343271
-0.429803,0.099726,2.084816,1.228890
-0.334943,0.171367,0.259099,1.901310
0.247898,0.108188,1.486456,1.268921
-0.419057,0.203114,2.034079,2.326587
-0.390770,0.101328,1.422898,1.236844
0.138129,0.414449,2.073809,4.861635
0.529594,0.335816,6.229534,3.981213
0.412327,0.300079,-0.109639,3.369493
-0.300622,0.106417,2.979298,1.243884
0.192880,0.128816,2.300548,1.452554
0.623780,0.215101,0.502029,2.652299
0.622201,0.132206,0.894339,1.568789
-0.453408,0.240178,1.320816,2.599929
-0.397552,0.133815,3.505133,1.681265
0.066867,0.200751,-0.059516,2.217234
-0.032949,0.275635,3.410816,3.395168
0.698962,0.325949,-0.119642,3.654546
-0.172644,0.206466,-3.663929,2.401798
0.616019,0.310410,1.888637,3.714756
0.361223,0.258782,3.266058,3.107705
0.028762,0.188657,4.630677,2.475231
-0.470972,0.109024,1.952692,1.263593
-0.128510,0.136342,-1.158133,1.657652
0.349978,0.102929,1.017528,1.143404
-0.760348,0.081401,0.869257,0.992366
0.335607,0.149039,0.912974,1.750115
-0.384963,0.086340,4.061166,1.054466
-0.917731,0.077332,0.938577,0.910330
1.038270,0.281953,1.935162,3.052387
-0.041983,0.166459,4.631886,1.865778
-0.312679,0.277959,0.621358,3.200104
0.016484,0.107418,1.584061,1.249740
0.360933,0.204969,0.386810,2.245824
0.833698,0.181869,1.762925,2.317060
-0.059183,0.196250,1.538876,2.188871
-0.112162,0.100843,1.883232,1.255563
-0.270100,0.121204,2.003860,1.463775
0.126599,0.169861,0.594127,1.976196
-0.140229,0.173716,0.668017,1.995464
0.588335,0.181433,-1.936319,2.220429
-0.258878,0.242798,5.233414,2.937443
0.684426,0.269189,2.894329,3.045476
-0.013549,0.195516,0.385801,2.220373
-0.602167,0.201044,3.911584,2.386875
0.144306,0.096584,2.298065,1.156074
-0.187604,0.088560,1.577821,1.042087
0.157815,0.312939,-0.809594,3.652246
-0.393901,0.118028,2.248516,1.488015
-0.140815,0.164495,4.816762,1.866273
0.059606,0.083535,1.281505,0.938546
-0.272847,0.099244,1.382442,1.217306
0.263365,0.345387,5.995306,3.858186
-0.120129,0.167427,1.153852,1.969531
-0.464842,0.073927,0.978118,0.938078
0.051553,0.138993,3.506900,1.627757
-0.737458,0.120812,2.610625,1.398273
-0.029482,0.113868,2.133641,1.293477
0.078213,0.134476,2.691490,1.682808
0.408008,0.121727,2.196327,1.375012
-0.241441,0.121956,1.871386,1.430522
-0.492952,0.097720,1.613503,1.183107
-0.008887,0.107148,2.168453,1.339301
0.164153,0.191247,2.749582,2.352656
0.107444,0.115295,2.101479,1.272236
-0.111076,0.238201,1.715413,2.762615
-0.880074,0.546231,2.425996,6.477211
-0.694412,0.091534,2.219294,1.148476
-0.464219,0.069965,1.658116,0.851484
-0.516633,0.343401,3.507995,4.117930
0.278377,0.203764,1.015750,2.348340
-0.290172,0.149699,-0.763850,1.729155
-0.707224,0.110242,1.912595,1.351796
-0.463962,0.107700,2.224460,1.304340
0.129476,0.116118,1.514990,1.317236
-0.624346,0.139123,2.892660,1.695287
-0.804561,0.294778,5.041292,3.412301
-1.763256,0.082541,3.297097,1.027589
-0.536077,0.108825,-0.912136,1.433163
-0.068172,0.122059,1.591358,1.424630
0.028827,0.109984,1.718505,1.306596
-0.119120,0.239667,6.881062,2.810780
-0.102502,0.101512,4.718645,1.193738
-0.792861,0.182136,0.520922,2.086570
-0.838517,0.134379,4.353639,1.612011
-0.251085,0.162459,1.735777,1.931282
-0.284936,0.143668,1.251059,1.678649
-0.382691,0.116257,1.905430,1.415923
0.208507,0.226935,6.348499,2.699391
-0.626949,0.138824,4.247202,1.736983
0.516992,0.115581,2.865191,1.393420
-0.986925,0.084071,2.596985,0.993734
-0.250041,0.086680,1.887422,1.004707
0.199553,0.220171,2.481783,2.594328
-0.102466,0.153684,0.997472,1.890095
0.074242,0.290920,1.963823,3.430155
-1.037387,0.100702,2.681699,1.272151
-0.433972,0.163827,0.508778,2.091201
0.219032,0.164261,2.196810,1.986179
-0.525811,0.092558,1.899791,1.109492
-0.034146,0.138701,3.019587,1.600844
0.126780,0.122032,1.077667,1.322628
-0.229305,0.167314,3.188198,1.985295
-0.075362,0.117036,0.726801,1.353071
0.539368,0.112840,0.791051,1.233158
-0.146642,0.199764,-1.366614,2.441820
-0.027449,0.161547,2.100042,1.771833
-0.706306,0.089081,2.108150,1.117421
0.231122,0.131935,0.731927,1.539096
-0.058728,0.183952,-0.180007,2.106386
-0.254327,0.091357,1.625376,1.131107
0.354376,0.304164,2.152843,3.772616
-0.225003,0.101537,1.853242,1.252668
-0.184497,0.132970,1.327599,1.510145
-0.063268,0.107025,1.775992,1.292276
-0.311623,0.129202,3.332659,1.410959
0.368621,0.113556,1.087357,1.399181
-0.551186,0.123958,2.263063,1.430130
0.249503,0.192854,1.697816,2.063019
-0.192297,0.149117,5.627221,1.776793
-0.366342,0.071969,1.568866,0.898138
-0.376321,0.101489,1.702334,1.245984
0.368832,0.514017,-0.623819,6.257921
-0.565559,0.179131,3.544924,2.219477
-0.702007,0.329830,3.701575,3.798960
-0.255100,0.172675,-1.448297,1.898451
0.393587,0.119604,1.005135,1.538746
-0.849244,0.110634,-0.582927,1.281926
0.807371,0.322895,-1.282423,3.772927
-0.033099,0.094450,2.499568,1.052589
-0.265369,0.117047,2.040045,1.387291
0.043802,0.103738,1.833399,1.246389
0.091138,0.107263,3.162387,1.263065
-0.662386,0.103977,2.053293,1.327436
0.166672,0.107482,1.253058,1.313669
0.157458,0.142645,2.978286,1.592056
0.288334,0.124349,2.493562,1.556393
0.399255,0.124874,2.089221,1.506258
-0.385359,0.139475,2.545678,1.642756
-0.193302,0.240474,1.475735,2.618962
0.379037,0.176198,1.848655,2.041257
0.057827,0.177244,-0.735243,1.999047
-0.423213,0.214576,-0.449756,2.659958
-0.167653,0.121677,1.597871,1.467118
0.297823,0.197818,2.583830,2.166344
0.728850,0.184340,0.944344,2.291006
0.219145,0.079782,1.582036,0.992463
0.216303,0.098351,2.035398,1.105621
0.097498,0.225485,0.711596,2.453953
-0.297158,0.092546,2.184444,1.092790
-0.124721,0.227009,2.433314,2.569782
0.016258,0.085859,1.518982,1.020487
0.177124,0.291300,1.903137,3.585368
-0.678463,0.089137,4.096319,1.040846
-0.156864,0.117383,1.726984,1.223602
0.058903,0.207079,1.379152,2.389328
0.557747,0.308287,1.700912,3.671271
0.157825,0.102663,2.984386,1.255892
0.085619,0.153795,0.923917,1.912177
0.060537,0.110786,1.483614,1.325213
-0.511537,0.157283,4.836518,1.967852
-0.530844,0.095606,1.811097,1.186535
-0.198136,0.133047,2.734413,1.540811
-0.131610,0.239513,0.356125,2.804753
-0.180395,0.259544,2.077444,3.074069
-0.211219,0.121944,1.869944,1.447113
0.681315,0.344185,2.369391,3.779937
-0.294449,0.141105,3.050865,1.636919
-0.115355,0.157389,3.540983,1.719638
-0.321989,0.185223,2.780976,2.239690
0.110961,0.228273,0.668113,2.554127
0.283263,0.109688,2.603470,1.251735
-0.279575,0.319363,3.012921,4.073098
0.503810,0.132862,1.960058,1.618713
0.339271,0.140978,2.266009,1.680935
0.046181,0.224466,0.667906,2.622457
-0.379353,0.108325,1.565080,1.374989
-0.131157,0.199910,0.930864,2.322110
-0.486658,0.113618,2.051026,1.398744
-0.614929,0.127371,1.267676,1.460914
-0.006226,0.120108,1.342486,1.515605
-0.318878,0.111264,1.923659,1.295483
-0.533076,0.100877,2.115868,1.285145
0.078845,0.151929,0.586175,1.670776
0.281984,0.516749,2.574825,6.144216
-0.013769,0.127815,0.644067,1.497814
0.925994,0.389215,1.059623,4.369074
-0.031825,0.122142,-0.780884,1.456032
0.127847,0.112119,1.467968,1.318272
-1.214802,0.103651,3.261014,1.330125
0.104909,0.255714,1.858078,3.084801
-0.160752,0.116765,3.842603,1.452226
-0.675710,0.224519,-0.975074,2.471413
0.190077,0.140172,1.594040,1.663868
-0.488226,0.106544,1.399944,1.234338
-0.071985,0.147109,2.223396,1.795727
0.423503,0.247497,3.697412,2.913365
-0.175309,0.121223,1.039772,1.384175
-0.149738,0.108073,2.046621,1.325564
-0.484601,0.118277,1.514791,1.448850
-0.111622,0.117364,1.148700,1.316401
-0.231184,0.116457,1.860913,1.403950
-0.727401,0.106519,1.627108,1.266796
0.021600,0.166584,2.558802,1.914362
0.447784,0.137442,1.059384,1.527382
0.033271,0.289872,0.838899,3.388903
-0.226268,0.111658,1.953191,1.316128
-0.038605,0.110943,1.250469,1.229829
-0.172054,0.356889,1.239970,4.251962
0.223897,0.162459,1.115288,1.956508
-0.726164,0.237394,1.354332,2.765627
0.422749,0.125975,2.866357,1.470716
0.089545,0.142249,0.127481,1.546079
-0.431947,0.084483,3.266259,1.020998
0.017192,0.131131,0.851232,1.539085
-0.064501,0.122592,1.274706,1.386291
-0.064247,0.152002,0.740767,1.704574
0.326834,0.224333,1.111761,2.581828
-0.141061,0.123446,3.911285,1.462803
-0.666604,0.108532,2.420173,1.316215
-0.896901,0.102124,4.605507,1.330960
-0.644663,0.082281,0.439276,1.064896
-0.153701,0.380616,2.073119,4.436639
-0.328084,0.279235,-0.574507,3.322390
0.360366,0.152736,0.020970,1.750564
-0.152972,0.133635,2.045615,1.537046
-0.095023,0.137272,1.539677,1.564925
-0.457553,0.083859,1.527862,0.977515
-0.241276,0.148234,2.629354,1.653518
0.013505,0.360217,2.120392,4.251543
0.052762,0.129247,0.603280,1.557521
-0.321293,0.120828,1.619687,1.393281
-0.459409,0.118607,2.145084,1.539457
0.046864,0.293199,1.736584,3.706765
0.024632,0.109862,1.691360,1.271322
-0.336631,0.474142,-2.746106,5.310472
0.034054,0.326901,-0.193442,3.875585
-0.085711,0.114220,1.441369,1.465518
-0.042291,0.147901,-0.099595,1.716770
0.332627,0.138868,0.947902,1.543145
0.378199,0.251494,4.474488,3.011778
-0.241422,0.173909,2.218170,1.994895
0.162766,0.303369,1.095500,3.536979
-0.730271,0.106138,2.850766,1.308420
-0.808510,0.134633,0.809138,1.543052
-0.428986,0.082834,1.631724,0.960017
0.333352,0.094929,0.736149,1.093131
0.757959,0.128919,-0.778454,1.632807
-0.511991,0.068041,1.593882,0.819849
-0.369944,0.086260,2.194051,0.990624
-0.079404,0.102857,1.610551,1.204393
-0.720330,0.364904,6.489672,4.077469
-0.571170,0.105782,0.647905,1.290990
0.415593,0.128326,0.804720,1.535384
-0.478131,0.138877,0.343988,1.556886
-0.190324,0.142811,1.035598,1.692665
-0.020401,0.402773,6.016543,4.930462
-0.084329,0.095744,2.436841,1.154133
-0.135557,0.095462,1.883767,1.154842
-0.226006,0.102882,0.878700,1.213864
-0.394966,0.147436,0.923574,1.714075
0.438440,0.169189,0.434843,2.122788
-0.028733,0.347567,3.577242,3.997129
0.799114,0.132537,-0.559585,1.530886
0.559547,0.124836,1.848732,1.565849
0.090313,0.114190,1.868072,1.283057
0.241559,0.174244,4.848367,1.875452
0.079364,0.133878,4.176779,1.639347
-0.412298,0.098918,1.744125,1.087687
0.294370,0.099921,1.305348,1.153236
-0.261375,0.094517,1.779861,1.121376
-0.570165,0.098527,2.590570,1.122939
0.082205,0.479931,-0.467133,5.822481
0.139533,0.316287,2.493239,3.995868
0.205889,0.104415,1.860544,1.227389
0.636433,0.157065,-1.125149,1.744390
0.707728,0.166255,2.297306,2.070682
-0.307961,0.118568,2.424610,1.365239
-0.268026,0.125582,2.608544,1.448023
-0.098557,0.152091,1.666065,1.863406
-0.134154,0.172436,1.889375,2.189798
-0.341885,0.152734,2.750649,1.724761
0.056221,0.097721,1.366405,1.224280
0.004497,0.143935,2.572442,1.482974
0.090006,0.376887,0.155104,4.529967
0.352453,0.110367,1.383866,1.347034
-0.523785,0.363351,4.089988,4.491766
0.166148,0.156653,3.396150,1.835693
0.091861,0.162780,2.200206,2.004227
-0.081039,0.181822,-0.253426,2.136204
-0.237388,0.098331,2.578730,1.211448
0.016409,0.167048,0.877145,1.971564
-0.612825,0.088152,2.359329,1.093819
-0.926294,0.080582,2.632321,0.974555
-0.488092,0.104624,1.316981,1.282692
0.190101,0.272095,2.015476,3.209907
0.233319,0.321806,3.332520,3.759398
0.146061,0.188999,0.846584,2.127927
-0.271914,0.116539,3.488642,1.498749
-0.384123,0.122126,1.559148,1.516508
-0.387015,0.097054,2.642199,1.127491
-0.039854,0.116968,2.016874,1.339548
-0.179459,0.154040,1.241082,1.714067
0.202082,0.203559,2.462833,2.608705
-0.715340,0.085544,2.650047,1.068040
-0.153355,0.130846,1.460406,1.493766
0.126031,0.142639,-1.168351,1.686270
0.191835,0.245774,3.588271,2.812861
0.374252,0.154372,0.963551,1.811506
-0.479191,0.120983,1.279843,1.488385
-0.338392,0.109832,1.685890,1.313290
0.069348,0.372018,-0.194869,4.242359
-0.414838,0.131335,2.085961,1.532515
-1.010161,0.175611,4.178083,2.190637
0.137546,0.123080,0.815507,1.491606
-0.606445,0.128920,3.624905,1.567388
-0.674537,0.207731,4.701005,2.573411
-0.052964,0.107183,1.916482,1.214811
-0.148795,0.106861,1.665706,1.275001
0.245765,0.096886,1.394304,1.102174
0.069597,0.100021,1.421598,1.147618
-0.182295,0.105330,-1.749337,1.273440
0.218630,0.200481,-0.487520,2.372514
0.531040,0.136893,0.606722,1.737696
-0.485246,0.353879,1.626958,4.109978
0.203672,0.130360,2.800531,1.590260
0.593466,0.120153,0.897931,1.509067
-0.319111,0.151494,0.111563,1.798497
-0.084312,0.123932,2.112033,1.449352
0.067699,0.131450,0.770592,1.657953
-0.160196,0.246874,4.376795,2.809266
-0.469861,0.099446,4.642734,1.159621
-0.126072,0.090156,2.044654,1.068896
-0.449607,0.152963,2.445133,1.866165
-0.392047,0.079500,2.015233,0.904743
-0.376549,0.102062,2.066373,1.134443
-0.095569,0.173097,1.709534,2.049152
-0.634444,0.102067,2.261147,1.288981
0.475162,0.224519,2.684259,2.528949
-0.016893,0.083865,1.061030,0.987968
-0.289155,0.109449,1.418642,1.321431
-0.032708,0.118661,1.526172,1.443286
0.281649,0.114301,3.143276,1.392991
-0.237512,0.109583,1.770825,1.287925
-0.357649,0.112696,2.780961,1.399593
0.150872,0.311016,-1.453257,3.711495
0.247878,0.179086,7.364010,2.340312
-0.155712,0.104696,1.599516,1.185760
0.163437,0.098354,1.421793,1.009829
-0.064314,0.095813,1.433069,1.177725
-0.369108,0.087241,2.379734,1.027332
-0.316727,0.249902,2.941149,2.910952
-0.147992,0.101964,1.415111,1.135207
-0.504230,0.095931,2.142356,1.152763
-0.249643,0.137512,2.107346,1.689543
-0.080081,0.107855,2.832548,1.276678
0.085796,0.136983,3.659569,1.704900
-0.440060,0.090866,1.784117,1.077914
-0.689717,0.112556,5.009906,1.387510
0.066989,0.095715,1.802376,1.177052
0.302038,0.134649,2.090052,1.493389
-0.193005,0.148318,1.746503,1.777191
-0.104093,0.107408,1.884275,1.225302
-0.007025,0.270151,-0.832477,2.984585
0.098007,0.109979,1.479775,1.425125
-0.420495,0.106978,2.331040,1.364683
-0.265148,0.102206,1.800063,1.256723
0.296966,0.361570,-0.752676,4.496826
0.242114,0.113990,2.921189,1.387907
-0.098108,0.313321,2.332287,3.787629
-0.215073,0.099090,1.670525,1.191765
-0.212240,0.103582,2.776265,1.181222
-0.791679,0.083936,2.412538,1.013284
0.864384,0.195974,0.198898,2.287083
0.382368,0.488569,0.988098,5.678341
0.313502,0.198245,2.342908,2.402754
0.054465,0.110369,0.884095,1.247283
-0.879454,0.207841,5.362498,2.578248
-0.700988,0.205949,3.626717,2.513477
-0.211972,0.110498,1.912742,1.299249
-0.640485,0.092138,0.409764,1.153073
-0.228803,0.127981,-0.273644,1.464111
-0.438812,0.164625,0.631989,1.971811
-0.419944,0.093071,0.520052,1.067831
-0.129551,0.131373,-0.854959,1.582168
0.061945,0.120844,2.217602,1.375306
-0.561439,0.114905,0.063703,1.379024
-0.114734,0.281514,1.366528,3.354191
0.502198,0.133459,1.447602,1.679936
0.087279,0.111979,1.740452,1.348109
-0.316269,0.108432,1.635356,1.276203
-0.287869,0.116780,0.318433,1.388814
-0.649921,0.087817,2.373377,1.018872
-0.297195,0.122673,0.787959,1.444113
0.208258,0.105720,1.437179,1.217680
-1.143665,0.280131,3.525544,3.038361
0.474913,0.113054,0.241280,1.427980
0.187723,0.116371,1.630152,1.316111
-0.651891,0.080036,2.467973,0.941338
0.374631,0.094216,1.504256,1.141919
-0.036686,0.096113,1.697636,1.087255
0.248990,0.229697,4.173279,2.677364
0.332712,0.263699,0.069149,3.022349
-0.352249,0.122415,3.098617,1.359410
-0.478927,0.095643,1.202293,1.108536
-0.423946,0.087792,1.985538,1.015735
-1.055237,0.089897,2.496643,1.090710
-0.328137,0.090887,2.309048,1.050811
-0.678972,0.163833,1.930642,2.093993
-0.631246,0.086808,2.084280,0.999422
0.118621,0.163263,1.715955,1.915804
-0.422258,0.107730,1.187430,1.257410
-0.183752,0.096971,0.926250,1.198458
-0.569482,0.109255,0.308121,1.346971
0.328465,0.095608,1.481852,1.081149
-0.049408,0.098014,1.876596,1.181004
-0.685759,0.286513,1.473051,3.136261
-0.409627,0.114249,1.884341,1.374064
0.264387,0.144855,-2.600449,1.569649
0.046349,0.389838,-0.284411,4.171467
-0.739591,0.084847,1.841356,0.968028
0.272504,0.094401,1.005897,1.061446
0.337993,0.153501,1.641265,1.742229
0.200525,0.133487,5.005886,1.545736
-0.339093,0.135288,2.586044,1.687526
-0.325049,0.107621,1.696630,1.250046
-0.159063,0.118160,1.586066,1.348341
0.305852,0.247671,2.791283,2.637390
-0.820613,0.102485,0.927325,1.147626
-0.383840,0.097553,3.606589,1.108147
-0.116853,0.094903,3.581471,1.042129
-0.029818,0.279038,7.151686,3.387038
-0.111004,0.092790,1.638561,1.134415
-0.026792,0.111565,1.866084,1.236092
0.082973,0.285257,4.058947,3.243319
-0.352267,0.229421,1.855936,2.690729
-0.191621,0.229843,-0.438098,2.800730
0.078457,0.146345,2.444600,1.628393
0.106472,0.146836,2.114190,1.656670
-0.040159,0.310494,9.802916,3.820749
0.064034,0.100497,0.915003,1.126056
-0.033683,0.114955,2.166574,1.433837
-0.350387,0.261223,0.599493,3.167296
0.620667,0.184048,-0.018335,2.112756
0.521550,0.129924,0.237287,1.483311
-0.443567,0.131494,1.329888,1.495729
0.010596,0.292265,5.028455,3.473114
0.014357,0.101119,1.966472,1.150793
-1.160861,0.117381,3.989175,1.394490
0.539508,0.118302,1.381328,1.367014
-0.489942,0.092319,3.642464,1.069606
-0.487878,0.167996,-2.144693,2.230255
0.331142,0.200572,3.323394,2.268518
-0.589257,0.109202,1.820520,1.312718
-0.344238,0.247950,3.079339,2.753607
-0.437789,0.116964,-0.481166,1.399927
0.157613,0.184165,1.807453,2.096144
-0.133248,0.106431,1.585391,1.221803
-0.786800,0.166646,0.005515,1.934208
-0.438955,0.095173,1.792930,1.193980
-0.204561,0.271766,-0.336779,3.101757
-0.174923,0.123549,2.774190,1.442305
-0.470152,0.112927,3.188129,1.281679
0.089613,0.320282,0.894242,3.590661
0.021335,0.095677,1.537326,1.259856
-0.592979,0.107782,2.241501,1.294141
-0.193808,0.105353,3.154793,1.274102
-0.442952,0.094078,1.875613,1.167003
0.513041,0.237958,3.235397,2.958118
0.084615,0.109098,1.729392,1.340074
-0.624311,0.130847,3.073968,1.526883
-0.319659,0.262658,1.499144,2.964863
-0.101424,0.086175,1.205731,1.081879
0.542953,0.195145,-1.266414,2.265444
-0.432869,0.077638,1.497648,0.939720
-0.512332,0.260893,-2.282529,3.071505
-0.213080,0.104828,1.456886,1.171374
-0.384342,0.183560,3.114258,2.155638
0.459464,0.146379,3.335132,1.685979
-0.747614,0.078966,2.687534,1.020106
-0.028584,0.126967,2.203412,1.470379
-0.579128,0.132793,-0.003072,1.621905
-0.137683,0.098777,1.737687,1.153796
0.261920,0.253648,3.632847,2.907351
-0.815251,0.304292,6.563096,3.565456
-0.659210,0.084854,2.152606,1.001269
-0.606096,0.072830,1.670175,0.892911
-0.312663,0.085095,1.872139,0.990065
0.291295,0.218276,2.769903,2.487030
-0.019885,0.312136,2.415919,3.827281
-0.150378,0.131995,0.825023,1.565039
-0.533409,0.103259,4.271867,1.258643
-0.138744,0.341016,2.816770,4.292357
-0.644054,0.101992,2.408885,1.275663
-0.118870,0.117371,1.696232,1.446888
0.115281,0.125114,0.741092,1.328663
-1.128701,0.100698,2.823807,1.206189
0.310923,0.108449,2.030354,1.304890
-0.307242,0.120144,1.894940,1.372001
0.037543,0.289574,0.917601,3.383069
0.111902,0.156709,3.190525,1.867710
0.195103,0.223032,2.196805,2.593041
0.600573,0.114488,1.225055,1.494441
-0.411048,0.074613,1.549159,0.923793
-0.492739,0.195258,1.613727,2.238599
0.281474,0.129841,2.973556,1.525123
-0.478792,0.114556,1.860896,1.317679
-0.732031,0.242610,3.600477,2.830186
0.402142,0.137383,-0.356603,1.506365
0.338744,0.177633,0.358050,1.973656
-0.379602,0.191462,1.058417,2.173159
-0.389866,0.127538,-0.395474,1.454831
-0.099224,0.152976,1.456796,1.698615
-0.057583,0.254376,1.655183,3.000545
-0.105776,0.103744,2.667031,1.355100
-0.113552,0.351548,1.436882,4.150432
-0.382252,0.366216,2.845010,4.343028
-1.194267,0.074867,2.286610,0.932825
-0.093147,0.192661,3.691844,2.101250
0.348494,0.120220,0.783623,1.329878
-0.225755,0.084994,2.393787,0.999414
-0.423127,0.261457,3.861070,3.123188
-0.068353,0.185854,3.873689,2.153397
-0.103270,0.106126,1.170466,1.214433
0.406506,0.086304,0.436830,1.026744
0.863391,0.271429,-0.104048,3.199777
-0.559138,0.093581,2.617504,1.119169
-0.379770,0.121910,0.207939,1.451403
0.197787,0.123981,-0.008860,1.424437
0.309820,0.157287,0.032753,1.906934
-0.128415,0.119958,1.622067,1.379884
0.123155,0.368632,3.486911,4.333461
0.112327,0.210102,-1.048066,2.509910
-0.299072,0.136016,0.796411,1.585133
0.288987,0.295683,-1.393336,3.517425
0.319862,0.150306,2.685640,1.729178
0.368367,0.141462,3.112804,1.658031
-0.335493,0.133118,3.648633,1.630653
-0.878090,0.123789,4.829229,1.616767
-0.338647,0.119005,1.483085,1.386890
-0.059149,0.124247,1.411930,1.458913
-0.139349,0.108173,1.581694,1.377996
0.002636,0.117494,3.776919,1.404489
-0.328203,0.139078,1.764899,1.591816
-0.733557,0.191249,0.566739,2.313973
-0.213593,0.116823,0.649000,1.483866
0.088395,0.136405,-0.886454,1.532184
-0.196418,0.218569,1.769974,2.635678
-0.055301,0.155656,-0.733756,1.699770
-0.370452,0.127096,3.465631,1.580570
-0.189471,0.088935,1.792073,1.072089
-0.119858,0.246242,2.345070,2.849020
-0.671731,0.077536,1.985131,0.942501
-0.323900,0.090343,1.283034,1.046604
-0.224566,0.165372,1.268349,1.850768
0.142674,0.111045,3.671246,1.249934
-0.809523,0.098197,1.586086,1.133054
-0.732450,0.139799,0.439646,1.601492
0.163960,0.126341,2.917691,1.438819
-0.004531,0.124805,1.370751,1.473298
-0.128638,0.145579,0.847247,1.846601
-0.009963,0.147806,5.162347,1.718365
0.504513,0.168566,1.433252,1.865859
-0.346290,0.262022,0.424462,2.904727
-0.103566,0.108892,1.557254,1.298374
-0.408333,0.109270,1.871835,1.355071
0.027873,0.180866,3.188734,2.089476
-0.179549,0.161460,2.333267,1.920833
-0.229467,0.325968,1.477708,3.906801
-0.620074,0.093150,2.134169,1.084769
-0.415510,0.095122,2.694328,1.151972
0.247057,0.175268,4.460038,2.026827
-0.086320,0.111742,1.738152,1.378389
-0.439344,0.180383,4.735547,2.200955
-0.134739,0.120665,2.882958,1.376857
-0.361302,0.115963,2.196037,1.446777
0.456322,0.117594,0.812728,1.416758
0.894958,0.124624,1.003009,1.453295
0.146214,0.127655,0.238184,1.500716
0.116227,0.118945,1.752915,1.363193
-0.187497,0.118132,1.933732,1.373041
-0.032648,0.101449,1.045186,1.190069
-0.101018,0.150917,2.363782,1.717323
-0.289029,0.099726,2.585909,1.237081
0.416358,0.137900,1.299054,1.625665
0.027317,0.175932,-0.794580,2.070342
-0.070488,0.107524,-0.433721,1.226961
-0.092559,0.127366,1.590989,1.469007
-0.116533,0.079599,1.716128,0.930578
-1.136196,0.070698,2.663972,0.851725
-0.499725,0.104870,2.030227,1.177664
0.017840,0.310825,1.230547,3.571007
0.047277,0.134458,0.416149,1.578716
0.048494,0.130174,2.496568,1.627189
-0.337915,0.108091,1.516774,1.310460
0.647662,0.135816,1.313481,1.663112
-0.716127,0.092184,-0.171294,1.047205
-0.206830,0.109126,2.482441,1.269358
-0.334221,0.162094,0.452250,1.826451
0.324128,0.205796,2.158706,2.239905
-0.481684,0.061103,0.853623,0.675304
-0.731586,0.146191,-1.031358,1.670454
-0.347002,0.096701,2.056996,1.122515
0.022727,0.099650,1.614099,1.207383
0.254975,0.178183,1.226713,1.993208
-0.434588,0.132869,2.273909,1.579343
-0.168622,0.153140,1.782699,1.875081
0.057458,0.101028,1.678233,1.129725
-0.175267,0.117488,3.198835,1.418616
-0.626455,0.206325,4.231217,2.363429
-0.217919,0.093347,3.410361,1.139131
-0.358399,0.155535,3.206321,1.933873
0.461064,0.128916,1.595998,1.617043
-0.022677,0.108431,2.124326,1.281458
-0.482395,0.109349,3.442248,1.253506
-0.737880,0.072568,1.891973,0.843184
0.126685,0.200451,3.143975,2.125042
-0.770266,0.116365,3.896825,1.437010
-0.579083,0.115868,2.880461,1.309166
-0.078576,0.156777,4.211758,1.759241
-0.246042,0.114933,1.573934,1.361166
-0.373814,0.192971,1.909496,2.316832
0.294909,0.165276,-1.965304,1.831589
-0.054476,0.196425,4.658909,2.378735
-0.673442,0.101030,2.356304,1.205709
-0.081157,0.124937,1.661235,1.573016
0.610474,0.235660,1.899966,2.621019
0.064450,0.126411,-1.429888,1.424879
0.267082,0.198334,0.720201,2.305362
0.153008,0.121217,2.657425,1.460356
-0.398671,0.116067,2.182049,1.542749
-0.141358,0.099525,1.941642,1.119436
0.244690,0.206754,1.909395,2.497484
-0.174949,0.154268,1.685062,1.729307
-0.208475,0.206036,3.308911,2.461104
-0.484953,0.218660,1.126527,2.483834
-0.372532,0.120559,2.365173,1.469845
0.234094,0.270760,3.291864,3.070966
-0.272367,0.098915,1.702705,1.160053
-0.977718,0.096894,3.363510,1.186711
-0.107752,0.166445,-0.081365,2.022886
-0.884591,0.272476,3.643584,3.191615
0.171864,0.210976,4.016703,2.441618
0.448700,0.199875,2.442177,2.323649
0.133138,0.093032,1.364088,1.034391
-0.304898,0.116344,3.121878,1.429315
0.156973,0.111793,1.390305,1.356200
-0.041178,0.104124,0.899984,1.236541
0.250960,0.166683,2.181526,1.921382
-0.329762,0.237324,3.456115,2.728789
-0.246196,0.140289,1.827878,1.597801
-0.326673,0.291622,-3.792319,3.362896
-0.346501,0.196385,3.229087,2.357899
0.099124,0.131027,1.920007,1.589700
-0.010696,0.172720,0.911900,1.932093
0.471998,0.157257,-0.442720,1.833271
-0.286328,0.098312,1.896933,1.138097
0.342560,0.114271,1.186153,1.492270
-0.883528,0.076620,2.390919,0.973963
-0.078483,0.139153,1.371736,1.516018
0.552373,0.203095,-0.063911,2.649840
-0.273146,0.167698,1.172398,1.967743
-0.362534,0.096527,1.681296,1.107285
0.322078,0.340316,-1.391143,4.272162
-0.346797,0.356237,0.998874,4.345504
-0.117309,0.266051,1.703730,2.992477
0.392808,0.289845,2.760955,3.128823
0.093195,0.172991,0.684861,1.891913
-0.933923,0.245340,2.156358,3.059187
-0.574550,0.095742,2.771731,1.260840
0.155657,0.117745,1.579177,1.455519
-0.382479,0.226506,4.080785,2.962368
-0.444199,0.115650,3.817500,1.507852
-0.405564,0.106913,2.349895,1.326415
-0.200607,0.144180,3.675637,1.591442
-0.101580,0.114370,0.504922,1.307149
-0.718828,0.146946,4.306763,1.692063
-0.895916,0.075422,3.597557,0.922517
-0.006816,0.084542,1.355020,1.055504
-0.602756,0.219390,3.637404,2.597853
-0.050295,0.196402,0.402759,2.232176
-0.054661,0.140793,1.595676,1.668534
-0.201694,0.102478,1.973434,1.232587
-0.038377,0.174183,1.461415,1.979305
0.351089,0.267891,3.798242,2.895554
-0.400656,0.086221,2.225515,1.022777
-0.065957,0.221561,4.323824,2.529929
-0.054402,0.161536,3.506114,1.917739
0.306488,0.124876,0.945689,1.522158
-0.262692,0.075771,1.474247,0.830115
0.044675,0.265624,1.399537,3.027676
-0.779388,0.136954,4.922818,1.550771
0.008307,0.105932,1.309996,1.254772
-0.102187,0.115687,4.423781,1.357927
-0.660057,0.221115,4.077543,2.424514
-0.360962,0.110250,2.713278,1.363695
-0.394126,0.101178,1.943386,1.324581
-0.835532,0.434750,6.377385,5.242296
-0.118347,0.175011,-1.135540,2.018337
-1.475269,0.467186,3.125324,5.696412
0.158334,0.104535,0.556539,1.297116
0.584384,0.116502,2.035938,1.483062
0.254498,0.210888,4.151238,2.487206
-0.227489,0.147827,-0.735032,1.774168
0.184932,0.128495,1.280157,1.554221
0.391704,0.112375,0.730702,1.268038
-0.378887,0.116709,2.108065,1.405278
-0.626470,0.190725,-0.822593,2.056551
-0.310635,0.264918,4.386174,3.451898
-0.346688,0.127363,-0.006941,1.454217
0.338470,0.097930,0.141862,1.126522
0.229028,0.105302,0.605386,1.140108
-0.341882,0.142539,3.390935,1.734343
0.166255,0.111663,1.575760,1.399005
-0.037745,0.143945,1.929722,1.720321
0.140025,0.129648,1.859191,1.581699
-0.198476,0.243266,1.622297,2.894619
-0.294358,0.120181,2.925201,1.565760
-0.441594,0.097735,1.928696,1.208456
0.082549,0.194191,1.771738,2.313056
-0.677112,0.125356,-0.682180,1.484575
-0.613389,0.110103,1.590168,1.355029
0.362980,0.158692,1.655696,1.835403
-0.049538,0.185812,0.935948,2.167966
-0.150696,0.113369,3.625863,1.302153
0.389467,0.159381,3.580458,1.745055
-0.215999,0.204771,2.581892,2.356679
0.066757,0.138106,5.999384,1.754627
-0.109473,0.215683,1.036481,2.373293
-0.107990,0.255728,-1.815184,3.046252
0.296404,0.350744,-1.348553,3.975023
-0.002107,0.114217,1.860746,1.389755
-0.008728,0.176426,1.012282,2.097721
-0.947561,0.095651,5.861632,1.213100
0.210417,0.121851,-0.390001,1.528344
0.274910,0.113019,1.379251,1.380561
0.325912,0.185694,4.095120,2.069357
0.112737,0.164653,2.856676,1.920941
-0.693047,0.257556,2.606439,3.182185
-0.382265,0.497388,4.796947,5.813255
-0.581727,0.131382,0.605796,1.575242
-0.078449,0.195451,-0.183039,2.402302
-0.942836,0.157947,4.569781,1.863905
0.724035,0.179525,4.549512,1.963784
-0.202241,0.097138,1.891900,1.148421
0.384112,0.182597,3.601805,2.020063
0.081319,0.352160,-0.599245,4.225026
-0.204611,0.089464,1.685006,1.080516
-0.370328,0.095818,3.764571,1.101921
0.283807,0.113035,1.776185,1.433456
-0.116823,0.117996,4.121015,1.373300
-0.059159,0.350237,0.269858,3.823400
-0.127017,0.098712,1.090069,1.206589
0.066772,0.321625,0.913704,3.763903
-0.131118,0.148980,0.850185,1.743399
-0.400680,0.081966,2.142213,1.011503
-1.059476,0.075269,2.089809,0.857365
0.519688,0.282718,1.321610,3.038307
-0.127596,0.107448,1.697384,1.275397
-0.135467,0.198901,2.791226,2.316209
-0.127007,0.122719,-0.916050,1.592423
0.488021,0.401551,0.610012,4.423296
0.276161,0.127864,2.316975,1.454457
-0.317673,0.133572,2.602452,1.478828
-0.302742,0.119712,3.416061,1.446312
-0.200485,0.115598,2.294377,1.353796
-0.022684,0.093224,1.985408,1.056442
0.003846,0.203715,3.602737,2.294275
0.013380,0.149501,1.338435,1.883205
0.401950,0.200059,1.972656,2.325941
0.006966,0.120929,1.027099,1.446431
-0.554307,0.164855,1.671686,1.998435
-0.831314,0.126365,3.635828,1.413578
-0.733067,0.099069,2.397236,1.123041
0.031147,0.115040,3.065235,1.425687
0.149538,0.113187,2.275000,1.384967
-0.373023,0.102501,1.299893,1.155993
-0.436585,0.087529,1.771930,1.026090
-0.066274,0.145134,3.205473,1.646658
-0.476376,0.175773,3.055450,2.031363
