0.193713,0.156675,1.450988,0.766819
-0.000301,0.140830,0.162285,0.657096
0.497477,0.189061,0.401967,0.910899
-0.100722,0.159414,0.635302,0.742711
0.056448,0.185699,0.980860,0.869025
0.015310,0.164374,0.509445,0.738243
-0.168443,0.159395,0.700216,0.673422
-0.094947,0.180415,1.856057,0.842591
-0.031730,0.173118,1.312592,0.820074
-0.068505,0.178657,2.111650,0.896654
0.169286,0.191601,0.395408,0.897601
0.046857,0.181197,1.325438,0.949114
-0.083092,0.184345,0.278332,0.873396
0.021708,0.165392,0.544693,0.756906
0.366813,0.165418,1.452941,0.769419
-0.292971,0.181873,-0.003940,0.851001
-0.047295,0.185117,1.789262,0.838704
0.338738,0.190351,1.166995,0.926449
-0.041902,0.218846,0.798219,1.070216
0.028052,0.198635,-0.309361,0.953130
0.310861,0.193594,0.569118,0.866035
-0.357098,0.183428,0.745741,0.880729
-0.248398,0.183785,1.426683,0.885323
-0.035662,0.169024,0.887738,0.783586
-0.051683,0.154621,0.603362,0.747234
0.073701,0.208555,1.622238,0.974994
-0.129892,0.176164,0.085813,0.962645
-0.095467,0.164152,1.004157,0.818127
-0.336855,0.185213,0.286761,0.885634
0.210314,0.183689,0.565657,0.889726
-0.314208,0.167240,1.225120,0.750431
-0.131480,0.194926,0.600447,0.900135
0.053379,0.163549,2.103009,0.740850
0.307512,0.176269,1.692507,0.833218
0.297776,0.166013,0.715165,0.802354
-0.006473,0.170581,1.647748,0.781240
-0.072385,0.169105,0.845844,0.794266
0.107877,0.158880,0.439990,0.726879
-0.052368,0.178571,1.005672,0.804768
0.101940,0.161654,1.788745,0.804224
-0.202070,0.193048,1.455667,0.872735
-0.087979,0.171942,2.620213,0.809547
0.121214,0.177863,1.986824,0.826958
-0.167346,0.176266,0.773535,0.840299
0.159051,0.181091,1.592471,0.893778
-0.152072,0.208107,1.674734,0.947222
0.128368,0.178356,2.052380,0.824862
-0.135302,0.191520,1.508092,0.877001
-0.026382,0.187640,1.586340,0.832362
-0.285946,0.191745,1.066755,0.816730
0.219151,0.196309,0.729737,0.880346
-0.181987,0.161561,0.758929,0.781779
0.404373,0.207044,2.341406,0.944384
0.040298,0.192581,1.578530,0.917652
-0.009052,0.190036,1.516292,0.880808
0.152619,0.157232,0.023535,0.751447
-0.250725,0.168316,1.385914,0.792283
-0.031777,0.183217,0.479339,0.823932
0.064822,0.169981,0.614409,0.825744
0.488813,0.182042,0.433268,0.838027
-0.036441,0.177135,1.277455,0.855029
-0.102367,0.209162,0.651874,0.961888
-0.143473,0.149531,2.043892,0.718274
0.189691,0.175477,1.558055,0.908698
-0.356169,0.201562,0.621233,0.953904
0.082312,0.142950,1.097173,0.664718
0.214743,0.151160,0.591481,0.728974
-0.176213,0.208215,1.913398,1.018135
0.028694,0.161930,1.311859,0.840814
-0.084224,0.177276,1.224773,0.851001
-0.062427,0.199384,0.664794,0.959407
0.009722,0.175170,0.963739,0.872856
0.322505,0.182499,2.400694,0.897826
0.074611,0.175293,0.313535,0.785965
0.011241,0.197316,1.248658,0.930041
0.087566,0.170281,1.574474,0.763769
-0.136245,0.203829,1.543855,0.936067
0.018240,0.173487,0.567206,0.742565
0.022790,0.171795,0.869181,0.829953
0.122403,0.185040,1.436069,0.784271
0.065559,0.175389,1.698744,0.835417
0.030782,0.183671,0.462438,0.871884
0.075692,0.206247,1.474652,0.987385
-0.029251,0.171251,3.035290,0.774127
0.185959,0.174257,1.499078,0.875833
-0.103688,0.192950,0.961797,0.945051
-0.011729,0.174735,1.213848,0.787935
-0.321928,0.183817,1.418174,0.845155
-0.063188,0.184565,0.575961,0.825622
0.395377,0.150466,1.152808,0.724991
-0.449624,0.157161,1.832653,0.751658
0.279007,0.160543,1.237718,0.734877
-0.018502,0.186354,1.150911,0.920071
0.110881,0.177452,1.457819,0.827285
0.030424,0.160759,1.268298,0.765403
0.067605,0.184712,-0.614557,0.900449
0.395107,0.195774,0.977680,0.912304
0.064742,0.220979,1.843531,0.982304
-0.043556,0.143966,2.199090,0.690085
-0.110995,0.197604,1.613859,0.878181
0.278444,0.201412,0.908853,0.987924
-0.074171,0.180795,2.086578,0.858797
-0.413185,0.197671,1.330428,1.019588
-0.054163,0.158522,0.717839,0.729379
0.030729,0.196882,0.803732,0.915941
0.362585,0.221986,0.580624,1.058225
0.033996,0.187057,2.106906,0.930522
0.177174,0.197980,2.324755,0.912673
0.149423,0.177579,1.801694,0.790610
-0.100101,0.160989,1.034147,0.725315
-0.075737,0.178312,2.609641,0.803907
-0.072578,0.156442,1.617125,0.715498
0.116714,0.185103,1.320607,0.890012
0.083183,0.184228,1.496591,0.970917
-0.038695,0.196541,0.510597,0.952316
0.092060,0.215634,0.761217,1.048247
-0.425534,0.200470,1.049798,1.012855
0.254597,0.177568,1.581713,0.789750
0.326149,0.169983,1.328156,0.843207
0.039254,0.175734,0.262518,0.832014
0.029578,0.201403,1.088176,0.930848
0.073846,0.133159,0.868885,0.614550
-0.106242,0.180903,0.709692,0.918915
0.438704,0.186486,1.225740,0.890069
-0.095351,0.198761,1.334203,0.891518
-0.128719,0.194875,1.116702,0.923999
0.045307,0.193266,1.565629,0.941774
-0.265334,0.170982,0.540701,0.809680
-0.188241,0.178543,2.385341,0.911576
0.142893,0.147602,1.270189,0.692423
-0.012800,0.157504,1.062253,0.725015
0.096554,0.160969,1.227767,0.782242
0.060950,0.143655,2.306816,0.654410
0.068580,0.221197,1.237484,1.053068
-0.216535,0.203078,0.152946,1.032930
0.058312,0.169224,0.657786,0.743352
-0.331279,0.173488,1.926152,0.826337
0.225778,0.171576,1.099618,0.814482
-0.066468,0.169768,1.094197,0.783372
-0.131655,0.190098,2.130620,0.974776
0.051572,0.159646,0.181036,0.736294
-0.006715,0.178247,0.819406,0.860815
-0.165450,0.189332,1.636785,0.835398
0.077975,0.202340,0.894898,0.977199
-0.072161,0.192778,0.922709,0.911419
-0.018711,0.165062,0.482650,0.751466
-0.253001,0.199695,1.250363,1.008964
0.209891,0.160061,1.973059,0.734430
0.163971,0.200085,-0.159594,0.986571
-0.070040,0.171576,1.776089,0.769923
0.262451,0.185582,0.399104,0.824103
-0.278815,0.147216,0.952753,0.656297
0.186442,0.192532,1.337837,0.987707
-0.097370,0.158339,1.582832,0.716019
0.101089,0.173358,1.454385,0.929477
0.191790,0.222563,1.137034,1.025452
0.025103,0.184705,0.798045,0.976539
-0.321078,0.210653,1.521402,1.001606
-0.001762,0.187477,1.162932,0.908428
0.132720,0.152730,1.761173,0.737492
-0.479248,0.213832,1.423596,1.053154
0.334081,0.181520,1.921420,0.835092
-0.118055,0.192921,0.834820,0.889066
0.139799,0.174569,0.933911,0.812129
-0.047545,0.177531,-0.137491,0.885846
-0.297792,0.179497,0.682579,0.815430
0.051127,0.175316,0.901433,0.895859
0.118311,0.155615,1.510269,0.716484
-0.153906,0.164934,1.100387,0.845847
0.159840,0.176343,1.572681,0.800483
0.185163,0.192947,1.922912,0.962523
0.106891,0.194246,0.916322,0.922886
0.281975,0.213585,1.860750,1.019775
0.083939,0.171964,0.407224,0.837304
-0.021987,0.167378,1.268914,0.833813
0.027066,0.172611,0.483628,0.854482
0.107471,0.152180,1.981296,0.804618
0.243249,0.196116,2.186657,0.911632
-0.001266,0.167348,0.378328,0.787243
0.055290,0.207604,0.350489,1.001955
0.077626,0.158190,0.156765,0.741386
-0.174289,0.160441,1.648157,0.738455
-0.264085,0.175324,1.899868,0.831984
-0.175093,0.160299,0.504592,0.802900
-0.099639,0.188136,2.260721,0.936661
0.281616,0.186395,1.244023,0.877518
0.176842,0.189501,1.094789,0.908592
0.439905,0.210413,1.634845,1.016452
-0.087991,0.205095,2.827986,0.930556
0.092045,0.176037,0.853681,0.822851
0.131737,0.166356,0.880646,0.785687
0.073995,0.156904,0.313124,0.709747
0.046085,0.181923,0.884964,0.887135
-0.091129,0.150018,1.122179,0.681241
0.162942,0.163468,2.048077,0.743636
0.137870,0.169083,2.251198,0.816164
0.194859,0.206650,1.034556,0.998156
-0.079343,0.191085,-0.151424,0.918457
-0.169919,0.160428,0.508796,0.748577
0.311926,0.216788,0.688485,1.026574
-0.064297,0.149965,0.721304,0.666828
-0.144615,0.157138,1.844104,0.703153
0.082669,0.192060,1.069289,0.938426
-0.044073,0.186853,1.221114,0.952554
0.128903,0.193746,-0.115666,0.852868
0.188919,0.159224,1.507649,0.708970
0.217057,0.199169,1.143028,0.836056
-0.242976,0.181084,1.630921,0.854832
0.407751,0.216124,0.586511,1.022369
-0.157205,0.198410,0.765950,0.960930
0.088611,0.148365,1.223979,0.697841
-0.239978,0.192745,2.347844,0.919891
-0.090149,0.153161,1.425137,0.707704
0.296480,0.172322,1.818352,0.834914
0.141278,0.186758,0.818975,0.871894
-0.237248,0.184898,0.513258,0.852644
-0.134757,0.168560,1.406168,0.811388
-0.316705,0.172254,1.722231,0.847822
0.051610,0.153704,0.192876,0.700396
-0.193332,0.181843,1.264158,0.851310
-0.206581,0.196605,0.946087,0.926969
0.472647,0.172032,0.972475,0.771972
-0.053112,0.178960,1.825153,0.863391
-0.174630,0.184283,1.176942,0.950464
0.034254,0.164485,1.021215,0.761837
-0.024952,0.182943,1.607314,0.865484
0.227523,0.186397,0.828010,0.929008
0.247763,0.179889,1.321118,0.804369
0.142155,0.159324,0.361654,0.730167
-0.240968,0.220476,2.747281,0.983291
-0.075575,0.152677,1.651812,0.676471
0.011807,0.184264,1.199893,0.807181
-0.014136,0.182179,0.524984,0.935829
-0.132003,0.146054,1.736928,0.661400
-0.219084,0.185524,1.058701,0.815695
0.190262,0.170939,0.904548,0.804584
-0.234523,0.214990,0.615226,1.039312
-0.267156,0.210183,0.899714,1.036331
-0.136220,0.171425,0.185962,0.813854
-0.296423,0.199310,1.567153,0.985285
0.295848,0.165383,2.317257,0.802957
0.166961,0.177738,1.791163,0.838242
0.101811,0.202843,0.447093,0.992422
0.058675,0.200345,1.442525,0.913881
0.146480,0.178020,1.520855,0.799995
-0.387343,0.167755,1.379427,0.752383
-0.089626,0.167389,1.794817,0.762378
0.100870,0.186404,1.028533,0.840983
-0.245174,0.175591,1.132641,0.829909
-0.158889,0.182019,1.299707,0.913083
-0.006177,0.184018,1.268868,0.856494
-0.178155,0.193770,1.382143,0.895759
-0.159884,0.172841,1.757045,0.841464
-0.062777,0.192106,0.413610,0.924515
-0.470334,0.198182,1.563707,0.911372
0.086201,0.161492,1.077063,0.770220
-0.452510,0.173134,0.641336,0.855050
-0.307476,0.228099,2.360398,1.067027
0.097996,0.161135,2.228040,0.765137
-0.070146,0.199470,0.970840,0.939949
0.285341,0.183147,0.174425,0.905932
-0.013121,0.175346,0.614205,0.885597
0.023837,0.208782,0.725913,1.093240
-0.018643,0.192527,0.133448,0.903220
0.232668,0.189042,2.049430,0.842988
-0.060162,0.164844,0.343149,0.731175
-0.102097,0.181097,0.990399,0.818449
0.043450,0.174099,0.729041,0.946160
-0.029623,0.185325,0.889022,0.817218
0.059554,0.219159,0.953174,1.002776
0.284086,0.175727,2.080934,0.781762
0.350672,0.153708,1.131712,0.711918
0.055960,0.202229,0.089454,0.899139
-0.029402,0.186197,2.536501,0.931770
-0.084716,0.162751,0.529235,0.806153
0.167653,0.178186,1.969575,0.838273
0.128714,0.210379,0.773389,0.952910
-0.016207,0.153572,1.640631,0.717616
-0.096265,0.179553,0.215617,0.846580
-0.089969,0.164014,1.188679,0.705009
0.080139,0.171974,0.417373,0.855511
0.054743,0.167002,0.480910,0.751697
0.013824,0.171253,0.923235,0.871193
0.060130,0.183739,0.621449,0.844440
-0.101605,0.188714,1.815540,0.876685
0.255360,0.190585,1.140134,0.910105
0.082446,0.183075,1.643352,0.782474
0.171021,0.196111,2.388803,0.974938
0.022812,0.208816,2.195002,0.929984
-0.159053,0.211820,2.304226,0.983480
0.243004,0.170916,1.571590,0.787813
-0.224632,0.143971,0.621381,0.701964
-0.300679,0.180732,1.104852,0.883180
-0.186336,0.157314,0.137181,0.758652
-0.200987,0.179208,1.343977,0.820830
-0.205019,0.160844,1.627075,0.743915
0.144350,0.172001,0.874239,0.791253
0.073434,0.206691,2.009596,1.023513
0.229465,0.159849,1.023440,0.751008
0.177008,0.219341,2.040275,1.040618
0.197387,0.181301,0.678530,0.922603
-0.007527,0.252625,3.281351,1.274200
0.162351,0.193798,0.923919,0.863003
-0.057349,0.187745,1.297121,0.897391
-0.221318,0.204273,-0.420685,0.929087
0.040740,0.189855,1.115307,0.950798
0.211118,0.168341,0.475649,0.754122
-0.119021,0.161310,1.321907,0.765558
0.027063,0.200195,1.207012,0.932737
-0.118429,0.169001,1.450217,0.768034
0.110367,0.135807,0.633313,0.666359
-0.127335,0.179717,1.682829,0.877817
0.292900,0.201399,1.391788,0.876027
0.016103,0.171479,1.331128,0.748475
0.239511,0.158343,-0.520141,0.718651
-0.059332,0.195261,0.991141,0.887613
-0.018562,0.187333,0.075514,0.982082
0.075623,0.179943,0.093820,0.873279
-0.025966,0.190528,0.505642,0.878068
0.038054,0.190564,3.225688,0.880157
0.038977,0.171771,0.180464,0.782029
0.078824,0.180268,0.678631,0.893648
-0.204673,0.175394,2.887193,0.802313
0.370994,0.161680,0.667224,0.709392
-0.176555,0.173144,0.745786,0.824650
0.273619,0.172759,1.274940,0.838801
0.171991,0.179179,1.006033,0.900119
0.040772,0.141183,0.758091,0.698091
0.048448,0.164648,1.504473,0.804912
0.275873,0.157128,2.504339,0.715570
0.066477,0.189587,0.664041,0.888555
-0.065663,0.179843,1.051542,0.825161
0.274030,0.195433,1.818449,0.874364
-0.027189,0.178385,0.970793,0.795766
-0.151381,0.148990,2.050498,0.658444
-0.203866,0.176320,0.004032,0.860789
0.169281,0.174346,1.398186,0.864665
0.034862,0.183580,0.811282,0.893670
0.143220,0.172960,0.687721,0.814832
0.279855,0.173881,1.653931,0.782274
-0.078411,0.183217,1.972967,0.870086
-0.302235,0.200519,0.752884,0.905344
0.119383,0.173406,1.308431,0.829089
-0.032862,0.192678,1.770059,0.944131
-0.101092,0.175188,2.457197,0.826999
0.008804,0.159390,0.930734,0.750255
-0.094382,0.166306,0.125282,0.775292
-0.263420,0.186094,0.270865,0.805588
0.032026,0.171402,1.204793,0.723394
-0.043356,0.192192,1.536151,0.864200
0.056532,0.210907,1.278259,1.057920
-0.116822,0.169288,0.722671,0.793227
-0.089487,0.207316,1.280902,0.909925
-0.082462,0.232049,1.657525,1.077483
-0.041268,0.167737,0.862436,0.836360
0.310386,0.181345,1.076634,0.892771
0.022429,0.185977,1.387003,0.895661
-0.134205,0.177067,1.267880,0.788996
-0.122951,0.168205,1.414125,0.795020
0.283145,0.148183,1.686135,0.679732
0.208333,0.188604,0.991216,0.878533
0.218330,0.153468,0.577619,0.661594
-0.078764,0.165068,1.259209,0.774325
-0.080295,0.149121,2.412468,0.698921
-0.016886,0.189070,0.765441,0.884486
-0.160420,0.182738,1.321436,0.807877
-0.027033,0.165197,2.256720,0.800371
0.059825,0.164182,0.209842,0.803715
-0.202765,0.150793,2.312882,0.747027
-0.165759,0.192959,1.620408,0.839799
0.028525,0.197169,2.546751,0.891546
-0.311436,0.178921,0.951836,0.813920
-0.135082,0.212171,1.186753,0.998507
0.167585,0.147304,0.757965,0.709850
0.081754,0.161640,2.192372,0.781000
0.086010,0.191510,1.859970,0.902868
0.232025,0.177484,0.064990,0.876867
-0.113821,0.167920,1.301060,0.811150
-0.156208,0.213054,0.968896,1.030941
-0.275841,0.181822,0.529576,0.843014
-0.268923,0.173022,1.110502,0.864418
-0.074430,0.194423,0.613619,0.936953
0.130376,0.199082,1.042116,0.860405
0.079248,0.182653,1.248935,0.897696
0.188990,0.203690,0.661556,0.973660
-0.013536,0.153237,1.663447,0.684462
0.059166,0.232795,1.312711,1.133824
0.034714,0.190055,1.652999,0.888528
-0.276382,0.152439,0.262305,0.689743
-0.223731,0.197836,0.858171,0.988800
0.104707,0.180749,1.735955,0.858681
-0.125776,0.202801,0.421406,0.950782
0.130995,0.175641,1.094993,0.787063
0.125298,0.163237,0.853786,0.718832
0.071794,0.155598,1.301713,0.818751
0.233422,0.206394,1.841713,0.969379
-0.113521,0.180125,2.713557,0.814995
0.003868,0.177290,1.005303,0.859445
0.417931,0.162114,1.240345,0.709051
-0.179636,0.159425,0.223689,0.727864
-0.220669,0.171448,1.218264,0.775284
0.147603,0.172492,2.184999,0.865680
-0.095981,0.148483,0.350410,0.671003
0.061391,0.215598,1.185484,1.020394
-0.083827,0.149205,0.876841,0.709439
-0.096455,0.164866,0.093994,0.845691
0.058113,0.196902,1.701945,0.936989
-0.088931,0.166900,0.408880,0.777948
-0.006185,0.182444,1.234242,0.816919
-0.049734,0.201091,1.557171,0.938812
-0.002487,0.209678,1.000696,0.926969
-0.037060,0.217452,2.714396,1.051096
0.103626,0.161578,0.072433,0.766380
0.170605,0.143214,0.889794,0.684405
-0.361266,0.178151,2.132143,0.815600
0.023801,0.176352,1.324913,0.836077
0.190152,0.199215,0.166941,0.977280
0.043717,0.169077,0.842873,0.842331
-0.192027,0.174036,0.981469,0.879448
-0.022261,0.184630,2.320761,0.821093
0.014848,0.187850,1.749953,0.820783
-0.170225,0.187724,1.074870,0.813308
0.082340,0.171210,0.160814,0.834790
0.308917,0.134983,0.553466,0.622622
0.180238,0.183485,1.014551,0.806864
-0.477471,0.184113,1.587656,0.951918
0.110351,0.186341,0.508733,0.869595
0.128871,0.183060,1.235047,0.827910
-0.269042,0.170210,0.597880,0.761604
0.474358,0.159208,0.596464,0.709204
-0.028901,0.183218,1.447674,0.856024
-0.112852,0.190758,2.359764,0.894332
0.328144,0.179566,1.707985,0.830199
-0.131367,0.188014,1.981992,0.844052
0.280957,0.207458,1.582022,0.995728
-0.112429,0.180955,1.026093,0.866033
0.024785,0.151659,1.087677,0.704337
-0.259992,0.158064,0.719731,0.773979
0.004643,0.188803,1.485963,0.821781
0.060609,0.213663,1.207173,1.013995
0.287383,0.192367,1.117163,0.847993
0.060815,0.183830,0.792517,0.849958
-0.204137,0.172567,1.352748,0.899730
-0.302198,0.185502,1.408291,0.820479
0.110375,0.167399,2.054309,0.766777
0.228949,0.198571,-0.010686,0.899835
0.070487,0.173651,0.363696,0.723514
0.107716,0.181934,0.877123,0.817197
-0.015913,0.189089,1.744357,0.969750
-0.339769,0.162730,0.946033,0.818495
0.206187,0.191766,3.147242,0.953264
-0.111499,0.180825,0.650425,0.824067
-0.203276,0.193412,0.443167,0.936207
-0.324548,0.198183,1.906077,0.947124
-0.151986,0.175101,1.938269,0.868806
0.014708,0.176807,0.034437,0.796300
-0.176966,0.171922,1.031155,0.787892
-0.093384,0.159115,0.931744,0.720302
-0.103887,0.203380,0.408787,0.881133
-0.049325,0.165339,0.582039,0.758268
-0.240281,0.187094,1.579707,0.865923
0.024887,0.195259,1.348104,0.941774
-0.097147,0.212129,-0.604694,1.009320
0.122009,0.185206,2.304971,0.900890
0.100490,0.165633,0.518658,0.743234
-0.047569,0.183372,1.673045,0.802951
0.029460,0.155238,0.972029,0.748074
0.222429,0.183705,0.967663,0.828038
0.001089,0.160680,1.873865,0.767838
0.282253,0.165568,1.282214,0.808321
0.019379,0.165559,1.272717,0.768856
-0.126741,0.173716,0.712272,0.855603
0.036557,0.175559,1.683894,0.763757
-0.267415,0.177579,1.537084,0.878169
0.164229,0.202857,0.585201,0.992530
0.123837,0.195754,1.161463,0.955670
0.247293,0.197779,0.837626,1.039276
-0.028609,0.176741,1.913389,0.839773
0.026073,0.195969,2.233003,0.941831
0.088686,0.202158,-0.108472,0.874648
-0.076958,0.161549,0.814053,0.776691
-0.218554,0.170340,1.619319,0.749882
-0.040622,0.185400,1.238551,0.849473
0.219013,0.198794,1.467611,0.937192
0.019427,0.191490,1.326220,0.917723
0.103371,0.184609,2.370381,0.905229
0.027507,0.180103,1.229448,0.819663
-0.069428,0.176516,0.462922,0.857290
0.048474,0.174435,1.243369,0.868576
0.047777,0.154255,1.575157,0.727153
0.065925,0.169239,1.309934,0.757366
0.094327,0.165776,2.019607,0.788345
-0.112901,0.186376,1.242447,0.954969
-0.044478,0.219586,2.281455,1.089004
-0.092850,0.190638,1.383071,0.894597
0.433348,0.223410,1.429955,1.053781
0.145831,0.185836,-0.517226,0.957621
0.029570,0.186865,1.109007,0.843686
0.077751,0.192812,1.938554,0.929311
-0.016538,0.165175,1.283815,0.805735
-0.347225,0.226390,2.273579,1.027152
0.156569,0.169082,1.338292,0.758639
-0.197974,0.196361,1.449346,0.997117
-0.168460,0.180409,0.586606,0.831293
0.024023,0.171954,1.386077,0.816756
-0.186956,0.174629,0.968487,0.849302
-0.097970,0.167905,1.595682,0.781398
0.033015,0.227061,0.361661,1.087658
0.072532,0.193167,2.484071,0.953125
0.354198,0.207567,1.499478,1.016163
0.398544,0.211278,0.194342,1.047286
-0.398513,0.170075,1.653247,0.826746
0.088279,0.190106,1.468438,0.953494
0.088592,0.210102,0.419267,0.980787
0.133969,0.171476,1.459039,0.846922
-0.086155,0.174757,2.112017,0.824820
-0.176612,0.172969,0.611737,0.857448
-0.086716,0.231715,1.202429,1.175420
-0.234996,0.164984,1.652571,0.771599
0.090748,0.168506,0.922269,0.712956
0.150831,0.159851,1.764942,0.698030
-0.283967,0.196907,1.431948,0.909046
-0.125510,0.175095,0.717041,0.821738
-0.272470,0.160178,0.813596,0.727964
0.282247,0.179368,0.545186,0.864498
-0.017727,0.183046,0.260859,0.839529
-0.135642,0.190711,2.032743,0.914481
-0.145806,0.183990,2.133466,0.934397
0.116255,0.180302,1.570638,0.854055
-0.057055,0.182044,1.710594,0.913354
0.017582,0.192543,0.353075,0.891798
0.452876,0.168646,0.811717,0.795342
-0.051897,0.183329,1.596189,0.912093
-0.167429,0.205337,0.378455,1.084836
0.155690,0.189239,0.171303,0.901498
-0.121955,0.197582,2.148128,0.901476
0.114728,0.180871,1.915556,0.873052
-0.199609,0.163033,1.228446,0.803817
0.258462,0.173416,0.754291,0.815837
0.134152,0.139442,1.548058,0.672974
-0.059555,0.186384,1.859419,0.852496
-0.125837,0.177463,2.141551,0.789077
-0.316541,0.163598,1.690531,0.735273
0.191071,0.173492,2.020926,0.771524
-0.043089,0.210960,1.496060,0.938847
-0.119538,0.171198,0.922370,0.762293
-0.090262,0.229947,0.809142,1.144844
-0.062798,0.195061,1.875756,0.951120
0.018628,0.182707,1.470313,0.868881
0.017783,0.142060,1.104350,0.642133
-0.139989,0.205224,1.767571,1.029970
0.263112,0.175641,0.023588,0.844246
-0.030682,0.205121,1.158015,0.960206
0.199187,0.162471,0.736524,0.734906
0.194450,0.201355,0.696997,0.919804
0.146882,0.207980,0.586126,1.015916
0.102638,0.128611,0.782397,0.599194
0.100155,0.173508,0.429528,0.871073
0.181607,0.155738,0.395632,0.749839
-0.272121,0.172244,1.959827,0.854721
0.123255,0.179834,1.625715,0.891135
0.074112,0.219328,1.000558,1.074560
0.342693,0.204325,1.932236,0.934939
-0.057552,0.177195,1.155832,0.866032
0.197884,0.206548,1.276116,0.997962
-0.032017,0.164746,0.391380,0.794846
-0.384870,0.190978,0.213369,0.885145
-0.167246,0.181617,1.996575,0.923761
0.235293,0.149603,2.189648,0.669274
0.020509,0.160348,0.383627,0.787406
0.160293,0.185603,1.786887,0.838049
-0.023139,0.148474,0.785130,0.679491
0.062320,0.158643,1.740830,0.735324
0.081660,0.164741,1.560237,0.768504
0.418805,0.172635,0.429335,0.776070
0.120937,0.201867,0.291520,0.951077
0.030490,0.195679,0.634267,0.897287
-0.079949,0.166567,1.684182,0.785179
-0.144483,0.178588,1.934008,0.840803
0.111336,0.155485,0.735367,0.737271
0.172988,0.208633,1.168050,0.964704
-0.357235,0.136763,0.372889,0.685751
-0.374605,0.167717,1.107693,0.805614
0.269605,0.160758,0.651665,0.789703
-0.097056,0.152742,1.034711,0.681111
0.066372,0.173995,0.826295,0.813604
0.126889,0.182711,1.014238,0.889386
0.063197,0.160481,0.640189,0.789811
-0.144220,0.201909,1.456078,0.958455
-0.225087,0.181138,0.456546,0.952241
0.040924,0.174567,2.140101,0.838982
-0.514507,0.201906,2.091468,0.985111
-0.183537,0.192667,1.194264,0.927063
-0.064540,0.161929,1.319998,0.793651
-0.042901,0.194374,1.715191,0.944586
0.126184,0.152367,1.092177,0.752016
-0.150867,0.223344,1.640937,1.024535
-0.024820,0.158654,1.252079,0.759899
-0.041589,0.184057,1.705340,0.865734
0.215737,0.206043,0.973556,0.959506
0.157314,0.175240,1.040605,0.815756
0.201654,0.172092,2.101431,0.802405
-0.029557,0.204518,0.811017,0.938457
-0.190848,0.170686,1.278679,0.741543
0.265594,0.174670,1.757184,0.783368
0.072016,0.221496,2.503144,1.048087
0.057839,0.174753,0.061666,0.813073
0.055406,0.155566,2.145957,0.767655
-0.361399,0.164553,0.425267,0.800585
0.136671,0.177533,1.304859,0.860642
0.099455,0.173282,1.684140,0.808882
-0.194300,0.174296,2.621740,0.852143
-0.009308,0.195699,1.612523,0.944374
-0.426197,0.180036,1.214985,0.918582
-0.167575,0.189465,2.001338,0.832563
-0.130337,0.159223,0.610896,0.764462
-0.332714,0.257507,1.776250,1.277755
0.538410,0.197137,1.102608,0.934817
0.265088,0.177351,0.533875,0.834866
0.399572,0.183592,0.795035,0.879906
0.036758,0.166139,1.209579,0.760048
0.011787,0.169597,1.474322,0.747914
0.165360,0.183798,1.829479,0.829090
-0.131318,0.194747,2.082656,1.006984
-0.136018,0.195893,1.618753,0.921681
0.126505,0.229053,2.673151,1.030532
-0.279681,0.177373,1.083713,0.892158
-0.179653,0.176637,0.457206,0.903956
0.416857,0.182935,1.939127,0.897093
0.100703,0.204450,1.768732,0.990945
0.088374,0.192388,0.732225,0.911057
-0.229200,0.186406,2.540528,0.885421
-0.087822,0.176616,2.211271,0.835693
0.476832,0.168448,0.194617,0.821111
0.019195,0.184992,1.121277,0.871406
0.210185,0.171628,0.445176,0.886621
0.081670,0.152527,0.733025,0.642929
-0.050690,0.185016,2.118605,0.842734
0.029797,0.178108,0.969262,0.772330
-0.024144,0.173592,0.810526,0.834428
0.244819,0.182217,1.624094,1.010969
-0.218597,0.174738,0.726505,0.863387
-0.230236,0.167058,1.133522,0.785908
-0.160706,0.169084,2.071019,0.772587
-0.233846,0.168388,0.340791,0.899936
-0.121453,0.162634,0.888804,0.810758
0.126531,0.173407,0.495766,0.791032
0.002242,0.170524,1.781681,0.808215
-0.247793,0.164614,0.675470,0.821012
0.145606,0.195192,1.161576,0.876868
-0.118280,0.142809,1.775608,0.659804
-0.412696,0.192564,0.479003,0.883644
0.256115,0.191015,1.317237,0.869345
0.180777,0.192192,1.768107,0.854849
0.214905,0.169872,1.166396,0.756753
-0.104822,0.214090,2.022044,1.008714
0.482613,0.206602,1.975790,0.952566
0.021097,0.163184,1.222538,0.782704
-0.094352,0.195417,1.083488,0.886840
0.022862,0.144149,2.135426,0.699239
-0.052540,0.196578,0.974836,0.884970
0.034886,0.212239,1.917116,1.004644
-0.023951,0.168716,2.407555,0.831249
-0.082073,0.204040,0.914343,0.959603
-0.129868,0.189615,1.616207,0.909296
-0.281506,0.152801,1.418732,0.743248
0.148416,0.199504,0.530139,0.966265
-0.018536,0.179098,2.655119,0.865342
-0.045654,0.171209,1.089307,0.789297
-0.016264,0.164765,1.431097,0.757208
0.030300,0.192616,1.611927,0.902172
-0.130469,0.220174,1.723159,0.977940
-0.020180,0.184294,2.079370,0.854560
0.201869,0.188228,1.846173,0.863110
-0.132586,0.195476,0.673451,0.958480
-0.449250,0.200500,2.017775,0.902240
0.021287,0.231317,1.087489,1.129923
0.106014,0.179597,1.269385,0.895143
0.106096,0.155028,0.902415,0.802845
-0.041774,0.194249,2.110286,0.883414
-0.007323,0.153563,2.127304,0.664325
0.217446,0.171184,1.379416,0.832243
-0.342255,0.180854,1.108825,0.869219
-0.050735,0.148056,0.210130,0.664679
-0.164941,0.181818,2.850718,0.783163
0.020838,0.182053,0.299902,0.936504
-0.158780,0.196386,0.636857,0.907706
-0.015838,0.191379,0.918375,0.958370
0.111292,0.189798,0.883830,0.838485
0.222910,0.210808,1.058852,0.942918
-0.022994,0.156801,1.088576,0.748675
0.299074,0.185028,1.909574,0.887505
-0.126066,0.209171,1.443792,1.089030
0.011319,0.165200,2.270015,0.767487
0.146210,0.177217,2.275559,0.846499
-0.185960,0.184531,1.435431,0.852405
-0.108004,0.144660,-0.353508,0.691144
0.042442,0.203429,1.891704,0.946816
0.135500,0.157651,0.074656,0.720701
-0.135040,0.192865,1.523459,0.868350
-0.212718,0.157724,1.435132,0.781695
0.213883,0.174766,0.948045,0.808010
0.399990,0.190136,1.777612,0.878054
0.032826,0.235456,0.725340,1.074781
-0.145533,0.165494,1.074036,0.777480
0.061200,0.210858,1.748946,1.031048
0.415594,0.163954,0.451900,0.799757
0.117051,0.169946,0.500485,0.809983
-0.252962,0.122882,0.766241,0.600203
0.073284,0.210024,1.014794,0.948302
0.127103,0.165582,-0.465784,0.800598
-0.052676,0.202919,1.432281,0.965213
0.023579,0.217938,1.798422,1.035265
0.157039,0.178028,2.363978,0.841967
-0.126368,0.179577,1.082629,0.779977
0.115056,0.176050,1.173987,0.887973
-0.227942,0.178225,1.051634,0.818664
-0.006465,0.184591,0.865584,0.824056
-0.160849,0.176490,1.872615,0.875510
-0.248327,0.195637,1.465846,0.939921
-0.186656,0.180953,1.775502,0.932184
-0.441898,0.177707,2.224069,0.810378
0.282318,0.216912,0.604528,1.068004
0.169021,0.162780,1.678103,0.806181
-0.068236,0.174458,1.141636,0.795486
-0.095002,0.180851,0.941196,0.841900
-0.009411,0.202886,1.975653,0.921709
0.140218,0.193399,0.802864,0.920726
0.187878,0.185669,0.679512,0.846378
-0.080688,0.167247,1.404824,0.824153
-0.027743,0.164365,0.546447,0.729614
-0.036766,0.183056,1.133019,0.847144
-0.134241,0.187848,0.673186,0.866453
0.386542,0.163185,1.169419,0.767181
0.002233,0.183897,1.012328,0.899882
-0.128898,0.170135,1.135288,0.821313
-0.487897,0.177379,0.766541,0.813838
-0.059692,0.157992,1.351907,0.860600
0.341872,0.196309,0.896098,0.956760
0.125524,0.175148,0.725258,0.912036
0.085664,0.200793,1.108136,0.952895
-0.107139,0.132985,0.176445,0.655143
-0.317485,0.169360,1.247473,0.799194
-0.027277,0.181927,1.544248,0.815456
0.125207,0.159734,2.159680,0.776442
0.026310,0.166857,0.983805,0.768084
0.398073,0.154420,0.593362,0.688468
-0.220969,0.154742,0.518382,0.770520
0.134607,0.154491,0.623583,0.785708
-0.282825,0.201359,1.588424,0.976590
-0.117800,0.179777,2.022316,0.889475
0.427951,0.161571,0.942286,0.767133
-0.046426,0.199178,2.850325,1.002268
-0.097235,0.169867,1.273729,0.766288
-0.014109,0.198136,1.883545,0.974045
-0.104480,0.162475,1.994171,0.755626
-0.200361,0.200655,0.665741,0.941943
0.191268,0.177838,1.035826,0.864564
0.107278,0.190467,-0.816440,0.897002
-0.075717,0.171341,2.213784,0.809420
-0.165319,0.189733,2.650953,0.889507
0.187121,0.188792,2.151975,0.916853
0.132543,0.229827,1.336825,1.071965
0.022313,0.170459,1.024270,0.781387
0.201674,0.160262,0.539421,0.773183
0.072356,0.190651,1.233225,0.931860
0.225065,0.184705,1.528045,0.846777
0.278683,0.224772,0.037621,1.078920
-0.153403,0.174436,1.645417,0.853409
0.008778,0.161156,0.617092,0.741202
-0.251958,0.173533,0.211191,0.815123
0.074109,0.177970,1.593092,0.818238
0.049701,0.170981,0.042439,0.801829
-0.226167,0.198741,1.371702,0.906470
0.027866,0.171030,1.250733,0.747243
0.081601,0.202087,0.976223,0.999128
0.006138,0.162985,1.119198,0.791527
-0.101387,0.176502,1.150412,0.834005
0.223303,0.152061,0.877564,0.737559
0.148181,0.164643,0.608447,0.803448
0.443795,0.186447,0.638242,0.883707
0.246560,0.177228,1.340955,0.820898
-0.139352,0.178387,1.746906,0.808706
-0.006695,0.190142,0.721825,0.871835
0.040866,0.165021,0.601368,0.779618
0.102923,0.196250,0.284980,0.870403
0.044056,0.193588,1.538018,0.888991
-0.164570,0.227926,1.663326,1.030956
-0.016606,0.161106,0.782314,0.734071
-0.094929,0.160868,1.422770,0.737486
0.180919,0.166182,1.465942,0.768516
0.094093,0.204746,-0.401812,0.999765
-0.108216,0.174913,1.665348,0.807916
0.150124,0.162276,0.521740,0.739226
0.010862,0.170905,1.730456,0.787430
-0.039695,0.191857,0.776730,0.935446
0.006666,0.184973,1.828104,0.842761
-0.018379,0.175210,0.355495,0.842928
0.004823,0.171922,1.428572,0.795862
-0.034531,0.160983,0.616001,0.688877
-0.066536,0.192930,0.058200,0.919955
-0.026077,0.140626,0.757409,0.601281
0.144070,0.186046,1.148171,0.799144
0.139617,0.178755,0.781535,0.862815
-0.038027,0.177048,0.086898,0.893225
0.193384,0.182647,1.153226,0.884213
0.127203,0.219219,1.109363,1.043626
-0.232257,0.183524,0.778798,0.835020
0.176936,0.178171,1.216849,0.793986
0.007761,0.173105,1.656694,0.743903
-0.295381,0.150963,0.680375,0.738822
0.118596,0.162240,2.468436,0.730123
-0.166718,0.165393,1.122749,0.829400
-0.037436,0.150371,1.205349,0.686984
0.163866,0.170673,1.025891,0.758426
0.019432,0.161790,1.546278,0.787379
-0.189409,0.171800,1.460138,0.846045
-0.300542,0.212943,1.342912,0.960562
0.106022,0.163540,0.694515,0.779852
-0.240217,0.161870,0.775226,0.681336
-0.456111,0.165254,1.614968,0.813149
-0.251173,0.195447,1.093926,0.925813
-0.088548,0.152376,0.199732,0.776881
0.181343,0.194093,0.796251,0.938572
-0.024239,0.213356,1.941819,1.006624
-0.240738,0.183678,0.446532,0.894087
0.047133,0.192553,1.185317,0.840019
0.139000,0.166929,1.053667,0.802469
0.009649,0.155080,0.630839,0.820793
0.145787,0.194852,0.522318,0.854983
0.039270,0.192405,1.160651,0.909426
0.137976,0.188727,1.396405,0.889702
0.231316,0.172116,1.881157,0.811327
-0.296962,0.224792,1.582015,1.004095
-0.035168,0.167348,0.045061,0.807424
0.001304,0.172422,0.505469,0.751587
0.394051,0.229803,1.347141,1.094063
-0.039645,0.162397,0.618169,0.786735
0.148574,0.165228,1.967534,0.801711
-0.010696,0.185582,1.371709,0.883737
-0.249125,0.209661,0.888154,1.034220
0.264395,0.201019,0.961943,0.931038
0.024216,0.156462,1.611669,0.719633
0.120804,0.215406,2.532404,1.060735
-0.250444,0.160807,1.256969,0.787535
-0.039417,0.164450,1.102520,0.802048
0.060360,0.176910,1.388673,0.823770
-0.170458,0.217562,2.135301,1.025657
0.339452,0.154719,1.959987,0.789764
-0.014367,0.193402,0.934439,0.888156
-0.420014,0.188455,2.120201,0.888934
-0.118472,0.173742,1.145605,0.876258
0.124369,0.148065,1.198744,0.769901
-0.211068,0.184728,0.754094,0.871059
0.213012,0.193258,0.071132,0.935146
-0.379448,0.163408,1.445654,0.740367
-0.143585,0.156777,0.459136,0.680117
-0.012408,0.161907,1.691181,0.766034
0.021118,0.169701,1.143717,0.785629
-0.047064,0.181416,0.686782,0.850788
0.513545,0.173703,0.689983,0.877388
-0.094168,0.165603,2.006010,0.801109
0.217058,0.165956,0.778281,0.795432
-0.259750,0.181790,2.628016,0.852635
0.116475,0.153407,1.162955,0.709876
-0.228134,0.194506,0.822591,0.888172
-0.063396,0.159360,1.051014,0.726489
-0.190587,0.209735,1.238890,1.018399
-0.276045,0.186098,1.485488,0.878914
0.102840,0.193322,1.215055,0.935524
0.104768,0.162248,1.998484,0.768752
0.031129,0.209860,0.160259,0.968662
0.265164,0.193430,0.939782,0.944291
0.120738,0.163979,1.364110,0.771584
-0.085200,0.207015,0.240659,0.912523
0.104614,0.180796,1.207198,0.865649
-0.230994,0.190589,1.970892,0.877329
0.311266,0.184716,0.629828,0.803150
0.058619,0.148426,0.143217,0.706564
0.110055,0.215925,1.687049,1.069235
-0.119809,0.180974,1.444040,0.831416
0.121750,0.182144,0.479133,0.879223
0.132146,0.164080,1.508960,0.765817
0.327580,0.199129,1.943507,0.922459
-0.106658,0.157646,0.801494,0.737596
-0.088272,0.181439,2.031032,0.817923
-0.026924,0.207054,1.438189,1.008930
0.389324,0.185639,0.641517,0.990850
-0.183056,0.183586,0.579220,0.901956
-0.353953,0.200066,1.498543,0.928440
-0.035113,0.180902,1.162276,0.824281
-0.057460,0.159124,2.173325,0.663465
-0.048320,0.156858,0.843135,0.713494
0.099179,0.200979,1.674974,0.967202
-0.044074,0.176175,0.947117,0.834216
-0.123906,0.182455,3.118278,0.859171
-0.106712,0.208797,0.993562,0.950618
-0.189055,0.205847,0.239004,0.980231
-0.134442,0.192234,2.046887,0.813460
0.010443,0.199470,0.625888,0.958984
0.257465,0.190284,0.933534,0.884429
0.206539,0.183013,1.070404,0.945958
0.360967,0.152609,1.494252,0.687263
-0.094871,0.181979,1.581263,0.890647
0.184432,0.182305,1.373154,0.801436
-0.381143,0.204070,1.441800,1.009161
-0.092037,0.191042,1.247538,0.867001
0.221057,0.180440,0.807091,0.846212
0.004414,0.211239,3.177613,1.076089
0.111822,0.176054,1.693841,0.820823
-0.233118,0.171382,0.818915,0.802934
0.075593,0.181638,1.888835,0.864377
0.198831,0.196081,2.727274,0.909800
-0.209813,0.172941,1.236327,0.793258
0.077470,0.203090,1.099526,0.895965
0.103670,0.134480,0.497989,0.613203
0.097353,0.171840,0.431726,0.829487
-0.357065,0.197519,0.516542,0.986819
-0.003841,0.191473,1.750934,0.996186
0.123580,0.164453,1.458424,0.744773
-0.200387,0.155650,0.371619,0.698011
-0.177659,0.135062,0.802773,0.615039
-0.307379,0.184537,0.885976,0.856010
-0.013386,0.170921,1.318835,0.892890
-0.061509,0.195343,0.952346,0.885722
-0.051436,0.158487,1.690354,0.734316
0.014987,0.192611,0.452130,0.967625
-0.051392,0.186313,1.585819,0.944276
0.290635,0.194752,3.076348,0.903950
0.190948,0.153447,0.853939,0.721753
-0.085051,0.219148,1.423188,1.083760
-0.243378,0.170616,1.625798,0.811388
-0.015304,0.175526,1.549125,0.817001
-0.128554,0.166917,1.332148,0.797615
0.033577,0.171311,0.978995,0.802581
0.318586,0.145321,0.426359,0.673263
0.070131,0.146307,0.670963,0.673322
-0.003181,0.194415,-0.404030,0.992225
0.015105,0.140959,0.851058,0.687168
0.330509,0.190581,1.369591,0.914634
-0.128259,0.161543,1.795259,0.753805
0.143600,0.230264,1.650432,1.055345
-0.174635,0.176843,1.949947,0.818271
-0.279312,0.190280,1.510116,0.952177
0.187316,0.178291,0.933305,0.779147
0.203482,0.179681,1.294649,0.821758
-0.133368,0.187062,0.853703,0.874785
0.254500,0.190689,-0.070516,0.969502
0.292194,0.148405,1.501409,0.714537
-0.030659,0.194287,0.873567,0.933770
-0.218256,0.189369,2.101168,0.893174
0.541529,0.194296,1.796676,0.935094
-0.079309,0.178303,1.621734,0.807246
-0.111299,0.200949,1.083160,1.010337
-0.004408,0.178978,0.482372,0.840192
-0.061709,0.223371,2.189469,1.095702
0.000052,0.174879,1.166286,0.855027
0.066101,0.159401,0.278964,0.750741
0.138130,0.225321,1.696011,1.034506
-0.117549,0.200954,1.201239,0.966054
-0.045813,0.190383,1.959927,0.906870
0.088324,0.173864,1.425495,0.826694
0.105961,0.182436,0.248815,0.845536
0.179310,0.164797,-0.015530,0.768205
-0.085406,0.202031,0.726424,0.921037
0.216915,0.163400,1.271353,0.811422
0.159166,0.179115,1.756335,0.869690
0.231218,0.195905,1.123864,1.002955
-0.183747,0.149882,0.613850,0.705148
-0.037858,0.163544,2.419315,0.807006
-0.154330,0.183537,0.913362,0.830859
0.278502,0.198161,0.636147,0.941504
0.255524,0.195581,1.153828,0.896670
-0.014540,0.167032,0.641671,0.798935
-0.008032,0.177622,1.226138,0.870341
0.196833,0.196887,1.536245,0.904615
0.058078,0.210389,0.670815,1.038580
0.015168,0.146842,-0.087799,0.626750
-0.148201,0.189419,2.080966,0.949105
0.469734,0.176775,1.624491,0.851130
-0.057470,0.150910,1.346205,0.691679
0.158180,0.160712,1.288336,0.765518
-0.028946,0.188396,1.571736,0.915587
0.236936,0.128104,2.375865,0.562722
0.187052,0.186750,1.235033,0.828487
-0.002231,0.172699,1.630597,0.851726
0.188804,0.211869,0.970967,0.912100
0.055459,0.188355,1.706628,0.900722
0.212614,0.185875,1.724386,0.949738
0.010374,0.169868,0.982763,0.776149
0.234096,0.156019,2.065710,0.762300
0.204787,0.173933,1.315713,0.850123
0.096844,0.188720,2.180773,0.812224
0.094894,0.166413,1.270043,0.772547
0.126616,0.182340,1.030918,0.836147
0.261454,0.197417,1.291261,0.918318
-0.126697,0.191531,1.219431,0.907928
0.089842,0.172841,1.253965,0.827746
0.187874,0.188695,0.479032,0.852397
0.254624,0.188048,0.462705,0.948162
